優先度,モデル番号,シリーズ,フラグ,CASIO希望価格(JPY),,CASIO URL,eBay競合検索
★NEW,GM-S5600UPG-4,DW-5600,NEW,28600,女,https://www.casio.com/jp/watches/gshock/product.GM-S5600UPG-4/,https://www.ebay.com/sch/i.html?_nkw=GM+S5600UPG+4&_sop=12
★限定,GW-6900U-1,DW-6900,限定,24200,OK,https://www.casio.com/jp/watches/gshock/product.GW-6900U-1/,https://www.ebay.com/sch/i.html?_nkw=GW+6900U+1&_sop=12
★限定,GM-5600BWD-1,DW-5600,限定,38500,なし,https://www.casio.com/jp/watches/gshock/product.GM-5600BWD-1/,https://www.ebay.com/sch/i.html?_nkw=GM+5600BWD+1&_sop=12
★限定,G-5600SFJ-9,DW-5600,限定,20900,OK,https://www.casio.com/jp/watches/gshock/product.G-5600SFJ-9/,https://www.ebay.com/sch/i.html?_nkw=G+5600SFJ+9&_sop=12
★限定,DWE-5600UD-1,DW-5600,限定,33000,なし,https://www.casio.com/jp/watches/gshock/product.DWE-5600UD-1/,https://www.ebay.com/sch/i.html?_nkw=DWE+5600UD+1&_sop=12
★限定,DWE-5600JB-1A9,DW-5600,限定,28600,なし,https://www.casio.com/jp/watches/gshock/product.DWE-5600JB-1A9/,https://www.ebay.com/sch/i.html?_nkw=DWE+5600JB+1A9&_sop=12
通常,GM-6900U-1,DW-6900,-,27500,OK,https://www.casio.com/jp/watches/gshock/product.GM-6900U-1/,https://www.ebay.com/sch/i.html?_nkw=GM+6900U+1&_sop=12
通常,GD-X6900FB-7,DW-6900,-,16500,なし,https://www.casio.com/jp/watches/gshock/product.GD-X6900FB-7/,https://www.ebay.com/sch/i.html?_nkw=GD+X6900FB+7&_sop=12
通常,GM-5600YRA-8,DW-5600,-,37400,OK,https://www.casio.com/jp/watches/gshock/product.GM-5600YRA-8/,https://www.ebay.com/sch/i.html?_nkw=GM+5600YRA+8&_sop=12
通常,GM-5600BM-1,DW-5600,-,33000,OK,https://www.casio.com/jp/watches/gshock/product.GM-5600BM-1/,https://www.ebay.com/sch/i.html?_nkw=GM+5600BM+1&_sop=12
通常,GM-5600M-1,DW-5600,-,29700,OK,https://www.casio.com/jp/watches/gshock/product.GM-5600M-1/,https://www.ebay.com/sch/i.html?_nkw=GM+5600M+1&_sop=12
通常,GMW-B5000BT-1,DW-5600,-,88000,OK,https://www.casio.com/jp/watches/gshock/product.GMW-B5000BT-1/,https://www.ebay.com/sch/i.html?_nkw=GMW+B5000BT+1&_sop=12
通常,GMW-B5000D-1C,DW-5600,-,84700,なし,https://www.casio.com/jp/watches/gshock/product.GMW-B5000D-1C/,https://www.ebay.com/sch/i.html?_nkw=GMW+B5000D+1C&_sop=12
通常,G-5600BG-5,DW-5600,-,20900,既存,https://www.casio.com/jp/watches/gshock/product.G-5600BG-5/,https://www.ebay.com/sch/i.html?_nkw=G+5600BG+5&_sop=12
通常,GW-5000HS-1,DW-5600,-,46200,OK,https://www.casio.com/jp/watches/gshock/product.GW-5000HS-1/,https://www.ebay.com/sch/i.html?_nkw=GW+5000HS+1&_sop=12
通常,GW-5000HS-7,DW-5600,-,46200,OK,https://www.casio.com/jp/watches/gshock/product.GW-5000HS-7/,https://www.ebay.com/sch/i.html?_nkw=GW+5000HS+7&_sop=12
通常,GM-5600YM-8,DW-5600,-,37400,,https://www.casio.com/jp/watches/gshock/product.GM-5600YM-8/,https://www.ebay.com/sch/i.html?_nkw=GM+5600YM+8&_sop=12
通常,DW-5610UU-3,DW-5600,-,15400,,https://www.casio.com/jp/watches/gshock/product.DW-5610UU-3/,https://www.ebay.com/sch/i.html?_nkw=DW+5610UU+3&_sop=12
通常,DW-5610UU-8,DW-5600,-,15400,,https://www.casio.com/jp/watches/gshock/product.DW-5610UU-8/,https://www.ebay.com/sch/i.html?_nkw=DW+5610UU+8&_sop=12
通常,GMW-B5000D-3,DW-5600,-,84700,,https://www.casio.com/jp/watches/gshock/product.GMW-B5000D-3/,https://www.ebay.com/sch/i.html?_nkw=GMW+B5000D+3&_sop=12
通常,GMW-B5000D-2,DW-5600,-,84700,,https://www.casio.com/jp/watches/gshock/product.GMW-B5000D-2/,https://www.ebay.com/sch/i.html?_nkw=GMW+B5000D+2&_sop=12
通常,GM-S5600U-1,DW-5600,-,26400,,https://www.casio.com/jp/watches/gshock/product.GM-S5600U-1/,https://www.ebay.com/sch/i.html?_nkw=GM+S5600U+1&_sop=12
通常,GM-S5600UPG-1,DW-5600,-,28600,,https://www.casio.com/jp/watches/gshock/product.GM-S5600UPG-1/,https://www.ebay.com/sch/i.html?_nkw=GM+S5600UPG+1&_sop=12
価格不明,DW-6900AKA-4JR,DW-6900,-,,,https://www.casio.com/jp/watches/gshock/product.DW-6900AKA-4JR/,https://www.ebay.com/sch/i.html?_nkw=DW+6900AKA+4JR&_sop=12
価格不明,DW-6900JV-1JR,DW-6900,-,,,https://www.casio.com/jp/watches/gshock/product.DW-6900JV-1JR/,https://www.ebay.com/sch/i.html?_nkw=DW+6900JV+1JR&_sop=12
価格不明,DW-6900HH-5JR,DW-6900,-,,,https://www.casio.com/jp/watches/gshock/product.DW-6900HH-5JR/,https://www.ebay.com/sch/i.html?_nkw=DW+6900HH+5JR&_sop=12
価格不明,DW-6900RGM-5JR,DW-6900,-,,,https://www.casio.com/jp/watches/gshock/product.DW-6900RGM-5JR/,https://www.ebay.com/sch/i.html?_nkw=DW+6900RGM+5JR&_sop=12
価格不明,DW-6900RCS-4JF,DW-6900,-,,,https://www.casio.com/jp/watches/gshock/product.DW-6900RCS-4JF/,https://www.ebay.com/sch/i.html?_nkw=DW+6900RCS+4JF&_sop=12
価格不明,DW-5600AKA-4JR,DW-5600,-,,,https://www.casio.com/jp/watches/gshock/product.DW-5600AKA-4JR/,https://www.ebay.com/sch/i.html?_nkw=DW+5600AKA+4JR&_sop=12
価格不明,DW-5600JV-7JR,DW-5600,-,,,https://www.casio.com/jp/watches/gshock/product.DW-5600JV-7JR/,https://www.ebay.com/sch/i.html?_nkw=DW+5600JV+7JR&_sop=12
価格不明,DW-5600KHFM25-1JR,DW-5600,-,,,https://www.casio.com/jp/watches/gshock/product.DW-5600KHFM25-1JR/,https://www.ebay.com/sch/i.html?_nkw=DW+5600KHFM25+1JR&_sop=12
価格不明,DW-5600KHSH25-1JR,DW-5600,-,,,https://www.casio.com/jp/watches/gshock/product.DW-5600KHSH25-1JR/,https://www.ebay.com/sch/i.html?_nkw=DW+5600KHSH25+1JR&_sop=12
価格不明,DW-5600RRB-4JF,DW-5600,-,,,https://www.casio.com/jp/watches/gshock/product.DW-5600RRB-4JF/,https://www.ebay.com/sch/i.html?_nkw=DW+5600RRB+4JF&_sop=12
価格不明,DW-5600STT-1JR,DW-5600,-,,,https://www.casio.com/jp/watches/gshock/product.DW-5600STT-1JR/,https://www.ebay.com/sch/i.html?_nkw=DW+5600STT+1JR&_sop=12
価格不明,DW-5600BBR-1JF,DW-5600,-,,,https://www.casio.com/jp/watches/gshock/product.DW-5600BBR-1JF/,https://www.ebay.com/sch/i.html?_nkw=DW+5600BBR+1JF&_sop=12
価格不明,DW-5600RL-1JF,DW-5600,-,,,https://www.casio.com/jp/watches/gshock/product.DW-5600RL-1JF/,https://www.ebay.com/sch/i.html?_nkw=DW+5600RL+1JF&_sop=12
価格不明,DW-5600PK-1JR,DW-5600,-,,,https://www.casio.com/jp/watches/gshock/product.DW-5600PK-1JR/,https://www.ebay.com/sch/i.html?_nkw=DW+5600PK+1JR&_sop=12
価格不明,DW-5600KT24-1JR,DW-5600,-,,,https://www.casio.com/jp/watches/gshock/product.DW-5600KT24-1JR/,https://www.ebay.com/sch/i.html?_nkw=DW+5600KT24+1JR&_sop=12
価格不明,DW-5600RW-1JF,DW-5600,-,,,https://www.casio.com/jp/watches/gshock/product.DW-5600RW-1JF/,https://www.ebay.com/sch/i.html?_nkw=DW+5600RW+1JF&_sop=12
価格不明,DW-5600BCE-1JF,DW-5600,-,,,https://www.casio.com/jp/watches/gshock/product.DW-5600BCE-1JF/,https://www.ebay.com/sch/i.html?_nkw=DW+5600BCE+1JF&_sop=12
価格不明,DW-5600UHR-1JF,DW-5600,-,,,https://www.casio.com/jp/watches/gshock/product.DW-5600UHR-1JF/,https://www.ebay.com/sch/i.html?_nkw=DW+5600UHR+1JF&_sop=12
価格不明,DW-5600USKE-7JF,DW-5600,-,,,https://www.casio.com/jp/watches/gshock/product.DW-5600USKE-7JF/,https://www.ebay.com/sch/i.html?_nkw=DW+5600USKE+7JF&_sop=12
価格不明,DW-5600SB23-1JR,DW-5600,-,,,https://www.casio.com/jp/watches/gshock/product.DW-5600SB23-1JR/,https://www.ebay.com/sch/i.html?_nkw=DW+5600SB23+1JR&_sop=12
価格不明,DW-5600SR-1JF,DW-5600,-,,,https://www.casio.com/jp/watches/gshock/product.DW-5600SR-1JF/,https://www.ebay.com/sch/i.html?_nkw=DW+5600SR+1JF&_sop=12
価格不明,DW-B5600SF-7,DW-5600,-,,,https://www.casio.com/jp/watches/gshock/product.DW-B5600SF-7/,https://www.ebay.com/sch/i.html?_nkw=DW+B5600SF+7&_sop=12
価格不明,GMW-B5000MB-1,DW-5600,-,,,https://www.casio.com/jp/watches/gshock/product.GMW-B5000MB-1/,https://www.ebay.com/sch/i.html?_nkw=GMW+B5000MB+1&_sop=12
価格不明,GW-M5610U-1C,DW-5600,-,,,https://www.casio.com/jp/watches/gshock/product.GW-M5610U-1C/,https://www.ebay.com/sch/i.html?_nkw=GW+M5610U+1C&_sop=12
価格不明,GW-M5610U-2,DW-5600,-,,,https://www.casio.com/jp/watches/gshock/product.GW-M5610U-2/,https://www.ebay.com/sch/i.html?_nkw=GW+M5610U+2&_sop=12
価格不明,GW-5000U-1,DW-5600,-,,,https://www.casio.com/jp/watches/gshock/product.GW-5000U-1/,https://www.ebay.com/sch/i.html?_nkw=GW+5000U+1&_sop=12
価格不明,G-5600UE-1,DW-5600,-,,,https://www.casio.com/jp/watches/gshock/product.G-5600UE-1/,https://www.ebay.com/sch/i.html?_nkw=G+5600UE+1&_sop=12
価格不明,GW-M5610U-1,DW-5600,-,,,https://www.casio.com/jp/watches/gshock/product.GW-M5610U-1/,https://www.ebay.com/sch/i.html?_nkw=GW+M5610U+1&_sop=12
価格不明,GW-M5610U-1B,DW-5600,-,,,https://www.casio.com/jp/watches/gshock/product.GW-M5610U-1B/,https://www.ebay.com/sch/i.html?_nkw=GW+M5610U+1B&_sop=12
価格不明,GW-M5610UBC-1,DW-5600,-,,,https://www.casio.com/jp/watches/gshock/product.GW-M5610UBC-1/,https://www.ebay.com/sch/i.html?_nkw=GW+M5610UBC+1&_sop=12
価格不明,GW-S5600U-1,DW-5600,-,,,https://www.casio.com/jp/watches/gshock/product.GW-S5600U-1/,https://www.ebay.com/sch/i.html?_nkw=GW+S5600U+1&_sop=12
価格不明,GW-B5600HR-1,DW-5600,-,,,https://www.casio.com/jp/watches/gshock/product.GW-B5600HR-1/,https://www.ebay.com/sch/i.html?_nkw=GW+B5600HR+1&_sop=12
価格不明,GW-B5600BC-1B,DW-5600,-,,,https://www.casio.com/jp/watches/gshock/product.GW-B5600BC-1B/,https://www.ebay.com/sch/i.html?_nkw=GW+B5600BC+1B&_sop=12
価格不明,GMW-B5000GD-1,DW-5600,-,,,https://www.casio.com/jp/watches/gshock/product.GMW-B5000GD-1/,https://www.ebay.com/sch/i.html?_nkw=GMW+B5000GD+1&_sop=12
価格不明,GMW-B5000GD-9,DW-5600,-,,,https://www.casio.com/jp/watches/gshock/product.GMW-B5000GD-9/,https://www.ebay.com/sch/i.html?_nkw=GMW+B5000GD+9&_sop=12
価格不明,GMW-B5000-1,DW-5600,-,,,https://www.casio.com/jp/watches/gshock/product.GMW-B5000-1/,https://www.ebay.com/sch/i.html?_nkw=GMW+B5000+1&_sop=12
価格不明,GMW-B5000D-1,DW-5600,-,,,https://www.casio.com/jp/watches/gshock/product.GMW-B5000D-1/,https://www.ebay.com/sch/i.html?_nkw=GMW+B5000D+1&_sop=12
