Item number,Title,Variation details,Custom label (SKU),Available quantity,Format,Currency,Start price,Auction Buy It Now price,Reserve price,Current price,Sold quantity,Watchers,Bids,Start date,End date,eBay category 1 name,eBay category 1 number,eBay category 2 name,eBay category 2 number,Condition,CD:Professional Grader - (ID: 27501),CD:Grade - (ID: 27502),CDA:Certification Number - (ID: 27503),CD:Card Condition - (ID: 40001),eBay Product ID(ePID),Listing site,P:UPC,P:EAN,P:ISBN
3.56666E+11,Mofusand watch small round macaron watch WH mofusand fieldwork women's watch,,,0,FIXED_PRICE,USD,59.99,,,59.99,0,,,Mar-13-25 22:07:52 PDT,Apr-13-26 22:07:52 PDT,Wristwatches,31387,,,New with box and papers,,,,,,US,Does not apply,,
3.56666E+11,Mofusand watch small round macaron watch PU mofusand fieldwork women's watch,,,0,FIXED_PRICE,USD,59.99,,,59.99,0,,,Mar-13-25 22:07:52 PDT,Apr-13-26 22:07:52 PDT,Wristwatches,31387,,,New with box and papers,,,,,,US,Does not apply,,
3.56666E+11,Mofusand watch small round macaron watch PI mofusand fieldwork women's watch,,,0,FIXED_PRICE,USD,59.99,,,59.99,0,0,,Mar-13-25 22:07:52 PDT,Apr-13-26 22:07:52 PDT,Wristwatches,31387,,,New with box and papers,,,,,,US,Does not apply,,
3.56666E+11,Mofusand watch small round macaron watch GY mofusand fieldwork women's watch,,,0,FIXED_PRICE,USD,73.86,,,73.86,0,,,Mar-13-25 22:07:51 PDT,Apr-13-26 22:07:51 PDT,Wristwatches,31387,,,New with box and papers,,,,,,US,Does not apply,,
3.56666E+11,Mofusand Pocket Watch Strap ? Pink Cat Design by Fieldwork Japan,,,0,FIXED_PRICE,USD,69.99,,,69.99,0,,,Mar-13-25 22:07:52 PDT,Apr-13-26 22:07:52 PDT,Wristwatches,31387,,,New with box and papers,,,,,,US,Does not apply,,
3.56851E+11,CASIO G-SHOCK GD-120CM-5JF Digital Watch Camo Brown Men's Used Japan Military,,,0,FIXED_PRICE,USD,192.99,,,192.99,0,4,,May-02-25 05:16:06 PDT,May-02-26 05:16:06 PDT,Wristwatches,31387,,,Pre-owned - Good,,,,,,US,Does not apply,,
3.56851E+11,CASIO G-SHOCK DW-5600KH Digital Watch Hoefler Powell Used Japan Black Limited,,,0,FIXED_PRICE,USD,192.99,,,192.99,0,,,May-02-25 05:16:06 PDT,May-02-26 05:16:06 PDT,Wristwatches,31387,,,Pre-owned - Good,,,,,,US,Does not apply,,
3.56854E+11,CASIO G-SHOCK DW-5600GU-7 G-UNIVERSE Collab Character Print Watch Japan,,,0,FIXED_PRICE,USD,185.99,,,185.99,0,1,0,May-03-25 00:26:57 PDT,May-03-26 00:26:57 PDT,Wristwatches,31387,,,Pre-owned - Good,,,,,,US,Does not apply,,
3.56854E+11,CASIO G-SHOCK GA-100CF-1A9 Camouflage Dial Black Gold Analog Digital Watch Japan,,,0,FIXED_PRICE,USD,130.99,,,130.99,0,,,May-03-25 00:26:58 PDT,May-03-26 00:26:58 PDT,Wristwatches,31387,,,Pre-owned - Good,,,,,,US,Does not apply,,
3.56854E+11,CASIO G-SHOCK GA-110LPA-1A Men's Digital Analog Watch Shock Resist Black Blue,,,0,FIXED_PRICE,USD,97.99,,,97.99,0,3,,May-03-25 00:26:58 PDT,May-03-26 00:26:58 PDT,Wristwatches,31387,,,Pre-owned - Good,,,,,,US,Does not apply,,
3.5686E+11,CASIO G-SHOCK GA-111DR-7A DEE AND RICKY Tie-Up Limited Edition White Watch Japan,,template,0,FIXED_PRICE,USD,313.98,,,313.98,0,6,,May-04-25 15:25:42 PDT,May-04-26 15:25:42 PDT,Wristwatches,31387,,,Pre-owned - Good,,,,,,US,Does not apply,,
3.56864E+11,CASIO G-SHOCK DW-5600SF-2 We Love Surfing Rainbow Collab Watch 2006 Japan Rare,,,0,FIXED_PRICE,USD,185.99,,,185.99,0,3,,May-05-25 15:19:41 PDT,May-05-26 15:19:41 PDT,Wristwatches,31387,,,Pre-owned - Good,,,,,,US,Does not apply,,
3.56875E+11,CASIO G-SHOCK GD-100TG-1 Hanshin Tigers 2016 Limited Digital Watch Japan NPB,,,0,FIXED_PRICE,USD,163.99,,,163.99,0,3,,May-08-25 16:53:27 PDT,Apr-08-26 16:53:27 PDT,Wristwatches,31387,,,Pre-owned - Good,,,,,,US,Does not apply,,
3.56887E+11,CASIO G-SHOCK DW-6900SK-1 Clear Skeleton Mirror Dial Digital 2019,,,0,FIXED_PRICE,USD,150.99,,,150.99,0,,,May-12-25 03:09:31 PDT,Apr-12-26 03:09:31 PDT,Wristwatches,31387,,,Pre-owned - Good,,,,,,US,Does not apply,,
3.56887E+11,CASIO G-SHOCK GA-100C Degiana Analog Quartz Shock Resist Gray Watch,,,0,FIXED_PRICE,USD,125.99,,,125.99,0,1,,May-12-25 03:09:31 PDT,Apr-12-26 03:09:31 PDT,Wristwatches,31387,,,Pre-owned - Good,,,,,,US,Does not apply,,
3.56887E+11,CASIO G-SHOCK DW-9052-1V 24mm Custom Strap Overseas Model DW-9000 Series,,,0,FIXED_PRICE,USD,125.99,,,125.99,0,3,,May-12-25 03:09:32 PDT,Apr-12-26 03:09:32 PDT,Wristwatches,31387,,,Pre-owned - Good,,,,,,US,Does not apply,,
3.56893E+11,CASIO G-SHOCK GA-100CG-1A Cracked Pattern Big Case Ana-Digi 2016 Release,,,0,FIXED_PRICE,USD,150.99,,,150.99,0,,,May-14-25 01:47:20 PDT,Apr-14-26 01:47:20 PDT,Wristwatches,31387,,,Pre-owned - Good,,,,,,US,Does not apply,,
3.56893E+11,CASIO G-SHOCK GA-110AC-4A Blue & Red Big Case Ana-Digi LED 2013,,,0,FIXED_PRICE,USD,150.99,,,150.99,0,,,May-14-25 01:47:20 PDT,Apr-14-26 01:47:20 PDT,Wristwatches,31387,,,Pre-owned - Good,,,,,,US,Does not apply,,
3.56893E+11,CASIO G-SHOCK GR-B200 Gravity Master Carbon Core Smartphone Link,,,0,FIXED_PRICE,USD,373.99,,,373.99,0,2,,May-14-25 01:47:20 PDT,Apr-14-26 01:47:20 PDT,Wristwatches,31387,,,Pre-owned - Good,,,,,,US,Does not apply,,
3.56893E+11,CASIO G-SHOCK DW-5600P-4JF Energy Pack Red Digital Square,,,0,FIXED_PRICE,USD,217.99,,,217.99,0,,,May-14-25 01:47:20 PDT,Apr-14-26 01:47:20 PDT,Wristwatches,31387,,,Pre-owned - Good,,,,,,US,Does not apply,,
3.56893E+11,CASIO G-SHOCK GA-700SE Black x Blue Quartz Analog Digital Watch,,,0,FIXED_PRICE,USD,130.99,,,130.99,0,1,0,May-14-25 01:47:20 PDT,Apr-14-26 01:47:20 PDT,Wristwatches,31387,,,Pre-owned - Good,,,,,,US,Does not apply,,
3.56893E+11,CASIO G-SHOCK GA-114RX-7AJR 40th Anniv Clear Remix Skeleton Box,,,0,FIXED_PRICE,USD,282.99,,,282.99,0,,,May-14-25 01:47:20 PDT,Apr-14-26 01:47:20 PDT,Wristwatches,31387,,,Pre-owned - Good,,,,,,US,Does not apply,,
3.56893E+11,CASIO G-SHOCK AW-590 Black Basic Analog Digital Quartz Watch,,,0,FIXED_PRICE,USD,150.99,,,150.99,0,,,May-14-25 01:47:21 PDT,Apr-14-26 01:47:21 PDT,Wristwatches,31387,,,Pre-owned - Good,,,,,,US,Does not apply,,
3.56893E+11,CASIO G-SHOCK GA-110C-1A Black Analog Digital Quartz Big Case,,,0,FIXED_PRICE,USD,105.99,,,105.99,0,,,May-14-25 01:54:14 PDT,Apr-14-26 01:54:14 PDT,Wristwatches,31387,,,Pre-owned - Good,,,,,,US,Does not apply,,
3.569E+11,CASIO G-SHOCK DW-9900WC-1T Frogman WCCS Skeleton Manta Japan Digital Watch 1999,,,0,FIXED_PRICE,USD,351.99,,,351.99,0,0,,May-15-25 01:33:35 PDT,Apr-15-26 01:33:35 PDT,Wristwatches,31387,,,Pre-owned - Good,,,,,,US,Does not apply,,
3.569E+11,CASIO G-SHOCK DW-9900WC-1T Frogman WCCS Skeleton Titanium Dive Watch 1999 Japan,,,0,FIXED_PRICE,USD,351.99,,,351.99,0,4,,May-15-25 01:52:37 PDT,Apr-15-26 01:52:37 PDT,Wristwatches,31387,,,Pre-owned - Good,,,,,,US,Does not apply,,
3.569E+11,CASIO G-SHOCK DW-8201WC-8T Frogman WCCS Skeleton Titanium Dive Watch 2000 Japan,,,0,FIXED_PRICE,USD,406.99,,,406.99,0,,,May-15-25 02:03:54 PDT,Apr-15-26 02:03:54 PDT,Wristwatches,31387,,,Pre-owned - Good,,,,,,US,Does not apply,,
3.56901E+11,CASIO G-SHOCK GM-110-1AJF Silver Black Metal Covered Brand New,,,1,FIXED_PRICE,USD,226.98,,,226.98,0,,,May-15-25 05:57:38 PDT,Apr-15-26 05:57:38 PDT,Wristwatches,31387,,,New with box and papers,,,,,,US,Does not apply,,
3.56901E+11,CASIO G-SHOCK 40th GM-114GEM-1A9JR Adventurer's Stone Black,,,1,FIXED_PRICE,USD,346.26,,,346.26,0,0,,May-15-25 05:57:38 PDT,Apr-15-26 05:57:38 PDT,Wristwatches,31387,,,New with box and papers,,,,,,US,Does not apply,,
3.56901E+11,CASIO G-SHOCK GM-110BB-1AJF All Black Metal Covered Brand New,,,1,FIXED_PRICE,USD,208.98,,,208.98,0,1,,May-15-25 05:57:38 PDT,Apr-15-26 05:57:38 PDT,Wristwatches,31387,,,New with box and papers,,,,,,US,Does not apply,,
3.56901E+11,CASIO G-SHOCK RANGEMAN GW-9400BJ-1JF Radio Wave Solar Black Watch Official,,,1,FIXED_PRICE,USD,364.98,,,364.98,0,,,May-15-25 06:00:49 PDT,Apr-15-26 06:00:49 PDT,Wristwatches,31387,,,New with box and papers,,,,,,US,Does not apply,,
3.56901E+11,CASIO G-SHOCK RANGEMAN GW-9400J-1JF Radio Wave Solar Black Official,,,0,FIXED_PRICE,USD,530.32,,,530.32,0,,,May-15-25 06:00:49 PDT,Apr-15-26 06:00:49 PDT,Wristwatches,31387,,,New with box and papers,,,,,,US,Does not apply,,
3.56901E+11,CASIO G-SHOCK DW5600MS-1 Matte Black Red Eye Digital Military Watch,,,1,FIXED_PRICE,USD,144.97,,,144.97,0,1,,May-15-25 06:05:59 PDT,Apr-15-26 06:05:59 PDT,Wristwatches,31387,,,New with box and papers,,,,,,US,Does not apply,,
3.56901E+11,CASIO G-SHOCK GA-2100-1A1JF Carbon Core Guard All Black Analog Digital Watch,,,1,FIXED_PRICE,USD,172.99,,,172.99,0,,,May-15-25 06:05:59 PDT,Apr-15-26 06:05:59 PDT,Wristwatches,31387,,,New with box and papers,,,,,,US,Does not apply,,
3.56901E+11,CASIO G-SHOCK RANGEMAN GW-9400YJ-1JF Radio Wave Solar Black Yellow Watch,,,1,FIXED_PRICE,USD,540.99,,,540.99,0,,,May-15-25 06:06:00 PDT,Apr-15-26 06:06:00 PDT,Wristwatches,31387,,,New with box and papers,,,,,,US,Does not apply,,
3.56901E+11,CASIO G-SHOCK GD-100-1BJF Digital Watch Black Brand New,,,1,FIXED_PRICE,USD,118.98,,,118.98,0,,,May-15-25 06:06:00 PDT,Apr-15-26 06:06:00 PDT,Wristwatches,31387,,,New with box and papers,,,,,,US,Does not apply,,
3.56901E+11,CASIO G-SHOCK GW-M5610U-1BJF Multiband 6 Solar Watch Black Official,,,1,FIXED_PRICE,USD,184.98,,,184.98,0,,,May-15-25 06:06:00 PDT,Apr-15-26 06:06:00 PDT,Wristwatches,31387,,,New with box and papers,,,,,,US,Does not apply,,
3.56901E+11,CASIO G-SHOCK AW-590-1AJF Analog Digital Watch Black Brand New,,,1,FIXED_PRICE,USD,123.98,,,123.98,0,,,May-15-25 06:18:28 PDT,Apr-15-26 06:18:28 PDT,Wristwatches,31387,,,New with box and papers,,,,,,US,Does not apply,,
3.56901E+11,CASIO G-SHOCK G-LIDE GBX-100S-1JF Bluetooth Eco-friendly Black Watch Official,,,1,FIXED_PRICE,USD,240.98,,,240.98,0,,,May-15-25 06:18:29 PDT,Apr-15-26 06:18:29 PDT,Wristwatches,31387,,,New with box and papers,,,,,,US,Does not apply,,
3.56901E+11,CASIO G-SHOCK AW-591-2AJF Analog Digital Watch Black Blue Brand New,,,1,FIXED_PRICE,USD,118.98,,,118.98,0,,,May-15-25 06:18:29 PDT,Apr-15-26 06:18:29 PDT,Wristwatches,31387,,,New with box and papers,,,,,,US,Does not apply,,
3.56901E+11,CASIO G-SHOCK G-LIDE GBX-100NS-1JF Tide Graph Bluetooth Black Watch,,,1,FIXED_PRICE,USD,278.03,,,278.03,0,0,,May-15-25 06:18:29 PDT,Apr-15-26 06:18:29 PDT,Wristwatches,31387,,,New with box and papers,,,,,,US,Does not apply,,
3.56901E+11,CASIO G-SHOCK GA-100B-7AJF Analog Digital Watch White Brand New,,,1,FIXED_PRICE,USD,138.98,,,138.98,0,,,May-15-25 06:18:29 PDT,Apr-15-26 06:18:29 PDT,Wristwatches,31387,,,New with box and papers,,,,,,US,Does not apply,,
3.56901E+11,CASIO G-SHOCK G-LIDE GBX-100-8JF Biomass Plastic Bluetooth Beige Watch,,,0,FIXED_PRICE,USD,286.99,,,286.99,0,,,May-15-25 06:18:29 PDT,Apr-15-26 06:18:29 PDT,Wristwatches,31387,,,New with box and papers,,,,,,US,Does not apply,,
3.56901E+11,CASIO G-SHOCK G-LIDE GBX-100-2AJF Biomass Plastic Bluetooth Blue Watch,,,0,FIXED_PRICE,USD,286.99,,,286.99,0,,,May-15-25 06:18:29 PDT,Apr-15-26 06:18:29 PDT,Wristwatches,31387,,,New with box and papers,,,,,,US,Does not apply,,
3.56901E+11,CASIO G-SHOCK GA-100B-4AJF Analog Digital Watch Red Brand New,,,1,FIXED_PRICE,USD,138.98,,,138.98,0,0,,May-15-25 06:18:29 PDT,Apr-15-26 06:18:29 PDT,Wristwatches,31387,,,New with box and papers,,,,,,US,Does not apply,,
3.56901E+11,CASIO G-SHOCK DW-6900UMS-1JF Digital Watch Black Brand New,,,1,FIXED_PRICE,USD,149.98,,,149.98,2,9,0,May-15-25 06:18:29 PDT,Apr-15-26 06:18:29 PDT,Wristwatches,31387,,,New with box and papers,,,,,,US,Does not apply,,
3.56901E+11,CASIO G-SHOCK DW-6900WD-1JF Black Brilliant White Digital Watch,,,1,FIXED_PRICE,USD,130.98,,,130.98,1,0,,May-15-25 06:18:29 PDT,Apr-15-26 06:18:29 PDT,Wristwatches,31387,,,New with box and papers,,,,,,US,Does not apply,,
3.56901E+11,CASIO G-SHOCK GA-100-1A1JF Analog Digital Watch Black Brand New,,,1,FIXED_PRICE,USD,161.99,,,161.99,0,,,May-15-25 06:18:29 PDT,Apr-15-26 06:18:29 PDT,Wristwatches,31387,,,New with box and papers,,,,,,US,Does not apply,,
3.56901E+11,CASIO G-SHOCK DW-6900UB-9JF Black Digital Watch Japanese Genuine,,,1,FIXED_PRICE,USD,130.98,,,130.98,0,1,0,May-15-25 06:18:29 PDT,Apr-15-26 06:18:29 PDT,Wristwatches,31387,,,New with box and papers,,,,,,US,Does not apply,,
3.56901E+11,CASIO G-SHOCK DW-6900RL-1JF Iconic Styles Black Digital Watch Genuine,,,1,FIXED_PRICE,USD,144.99,,,144.99,0,,,May-15-25 06:18:29 PDT,Apr-15-26 06:18:29 PDT,Wristwatches,31387,,,New with box and papers,,,,,,US,Does not apply,,
3.56901E+11,CASIO G-SHOCK DW-6900TR-9JR 30th Anniversary Yellow Digital Watch,,,1,FIXED_PRICE,USD,164.98,,,164.98,0,,,May-15-25 06:18:29 PDT,Apr-15-26 06:18:29 PDT,Wristwatches,31387,,,New with box and papers,,,,,,US,Does not apply,,
3.56901E+11,CASIO G-SHOCK DW-6900TU-1A5JF Two Tone Utility Khaki Digital Watch,,,1,FIXED_PRICE,USD,170.98,,,170.98,0,,,May-15-25 06:18:29 PDT,Apr-15-26 06:18:29 PDT,Wristwatches,31387,,,New with box and papers,,,,,,US,Does not apply,,
3.56901E+11,CASIO G-SHOCK DW-6900RCS-1JF CRAZY COLORS 2024 Black Digital Watch,,,0,FIXED_PRICE,USD,137.5,,,137.5,0,1,,May-15-25 06:18:29 PDT,Apr-15-26 06:18:29 PDT,Wristwatches,31387,,,New with box and papers,,,,,,US,Does not apply,,
3.56901E+11,CASIO G-SHOCK DW-6900TR-1JR 30th Anniversary Black Digital Watch,,,1,FIXED_PRICE,USD,198.99,,,198.99,0,,,May-15-25 06:18:29 PDT,Apr-15-26 06:18:29 PDT,Wristwatches,31387,,,New with box and papers,,,,,,US,Does not apply,,
3.56901E+11,CASIO G-SHOCK DW-6900U-1JF Digital Watch Black Brand New,,,1,FIXED_PRICE,USD,128.98,,,128.98,0,0,0,May-15-25 06:18:30 PDT,Apr-15-26 06:18:30 PDT,Wristwatches,31387,,,New with box and papers,,,,,,US,Does not apply,,
3.56905E+11,CASIO G-SHOCK GA-2100-4AJF Carbon Core Guard Red Analog Digital Watch,,,1,FIXED_PRICE,USD,172.99,,,172.99,0,1,,May-15-25 21:52:23 PDT,Apr-15-26 21:52:23 PDT,Wristwatches,31387,,,New with box and papers,,,,,,US,Does not apply,,
3.56905E+11,CASIO G-SHOCK DW-5600UBB-1JF 5600 Series Digital Watch Japanese Genuine,,,1,FIXED_PRICE,USD,130.98,,,130.98,0,,,May-15-25 21:52:23 PDT,Apr-15-26 21:52:23 PDT,Wristwatches,31387,,,New with box and papers,,,,,,US,Does not apply,,
3.56905E+11,CASIO G-SHOCK GA-2100-1A Carbon Core Guard Black Analog Digital Watch,,,1,FIXED_PRICE,USD,140.98,,,140.98,0,,,May-15-25 21:52:23 PDT,Apr-15-26 21:52:23 PDT,Wristwatches,31387,,,New with box and papers,,,,,,US,Does not apply,,
3.56905E+11,CASIO G-SHOCK GA-2110SU-3AJF Utility Color Carbon Core Guard Green Watch,,,1,FIXED_PRICE,USD,156.98,,,156.98,0,,,May-15-25 21:52:23 PDT,Apr-15-26 21:52:23 PDT,Wristwatches,31387,,,New with box and papers,,,,,,US,Does not apply,,
3.56905E+11,CASIO G-SHOCK DW-6900HD-8JF HIDDEN GLOW Digital Watch Gray,,,1,FIXED_PRICE,USD,157.2,,,157.2,0,,,May-15-25 21:52:23 PDT,Apr-15-26 21:52:23 PDT,Wristwatches,31387,,,New with box and papers,,,,,,US,Does not apply,,
3.56905E+11,CASIO G-SHOCK GA-2100RL-1AJF Iconic Styles Black Analog Digital Watch,,,1,FIXED_PRICE,USD,139.98,,,139.98,0,,,May-15-25 21:52:23 PDT,Apr-15-26 21:52:23 PDT,Wristwatches,31387,,,New with box and papers,,,,,,US,Does not apply,,
3.56905E+11,CASIO G-SHOCK GA-2100-7A7JF TONE-ONTONE White Analog Digital Watch,,,1,FIXED_PRICE,USD,191.99,,,191.99,0,,,May-15-25 21:52:24 PDT,Apr-15-26 21:52:24 PDT,Wristwatches,31387,,,New with box and papers,,,,,,US,Does not apply,,
3.56905E+11,CASIO G-SHOCK DW-6900TR-4JR 30th Anniversary Red Digital Watch,,,1,FIXED_PRICE,USD,144.98,,,144.98,0,,,May-15-25 21:52:23 PDT,Apr-15-26 21:52:23 PDT,Wristwatches,31387,,,New with box and papers,,,,,,US,Does not apply,,
3.56905E+11,CASIO G-SHOCK DW-6900RCS-7JF CRAZY COLORS 2024 White Digital Watch,,,0,FIXED_PRICE,USD,138.58,,,138.58,0,1,,May-15-25 21:52:23 PDT,Apr-15-26 21:52:23 PDT,Wristwatches,31387,,,New with box and papers,,,,,,US,Does not apply,,
3.56905E+11,CASIO G-SHOCK GA-2100SB-1AJF Analog Digital Watch Black Brand New,,,1,FIXED_PRICE,USD,144.98,,,144.98,0,,,May-15-25 21:52:23 PDT,Apr-15-26 21:52:23 PDT,Wristwatches,31387,,,New with box and papers,,,,,,US,Does not apply,,
3.56905E+11,CASIO G-SHOCK GA-2100GB-1AJF Analog Digital Watch Black Brand New,,,1,FIXED_PRICE,USD,226,,,226,0,1,,May-15-25 21:52:23 PDT,Apr-15-26 21:52:23 PDT,Wristwatches,31387,,,New with box and papers,,,,,,US,Does not apply,,
3.56905E+11,CASIO G-SHOCK 40th Anniversary DW-6940RX-7JR Clear Remix Digital Watch,,,1,FIXED_PRICE,USD,202.98,,,202.98,0,1,,May-15-25 21:52:24 PDT,Apr-15-26 21:52:24 PDT,Wristwatches,31387,,,New with box and papers,,,,,,US,Does not apply,,
3.56905E+11,CASIO G-SHOCK GMW-B5000D-1JF Full Metal Solar Bluetooth Silver Watch,,,1,FIXED_PRICE,USD,675.1,,,675.1,0,,,May-15-25 21:52:23 PDT,Apr-15-26 21:52:23 PDT,Wristwatches,31387,,,New with box and papers,,,,,,US,Does not apply,,
3.56905E+11,CASIO G-SHOCK GA-2100-1AJF Carbon Core Guard Black Analog Digital Watch,,,1,FIXED_PRICE,USD,172.99,,,172.99,0,,,May-15-25 21:52:24 PDT,Apr-15-26 21:52:24 PDT,Wristwatches,31387,,,New with box and papers,,,,,,US,Does not apply,,
3.56905E+11,CASIO G-SHOCK GA-2100WD-1AJF Black Brilliant White Analog Digital Watch,,,1,FIXED_PRICE,USD,156.98,,,156.98,0,1,,May-15-25 21:52:24 PDT,Apr-15-26 21:52:24 PDT,Wristwatches,31387,,,New with box and papers,,,,,,US,Does not apply,,
3.56905E+11,CASIO G-SHOCK GA-2100-7AJF Carbon Core Guard White Analog Digital Watch,,,0,FIXED_PRICE,USD,172.99,,,172.99,0,,,May-15-25 21:52:24 PDT,Apr-15-26 21:52:24 PDT,Wristwatches,31387,,,New with box and papers,,,,,,US,Does not apply,,
3.56911E+11,CASIO G-SHOCK GA-B2100FC-7AJF Bluetooth Tough Solar White Watch,,,1,FIXED_PRICE,USD,261.29,,,261.29,0,,,May-16-25 19:24:22 PDT,Apr-16-26 19:24:22 PDT,Wristwatches,31387,,,New with box and papers,,,,,,US,Does not apply,,
3.56911E+11,CASIO G-SHOCK Urban Utility GA-B2100LUU-5AJF Bluetooth Tough Solar Beige,,,1,FIXED_PRICE,USD,276.98,,,276.98,0,2,,May-16-25 21:15:33 PDT,Apr-16-26 21:15:33 PDT,Wristwatches,31387,,,New with box and papers,,,,,,US,Does not apply,,
3.56917E+11,CASIO G-SHOCK GA-B2100FC-1AJF Bluetooth Tough Solar Black Watch,,,1,FIXED_PRICE,USD,223.68,,,223.68,0,1,,May-17-25 19:20:40 PDT,Apr-17-26 19:20:40 PDT,Wristwatches,31387,,,New with box and papers,,,,,,US,Does not apply,,
3.56917E+11,CASIO G-SHOCK GA-B2100BBR-1AJF Eco-Friendly Bluetooth Tough Solar Black,,,1,FIXED_PRICE,USD,214.98,,,214.98,0,1,,May-17-25 19:20:40 PDT,Apr-17-26 19:20:40 PDT,Wristwatches,31387,,,New with box and papers,,,,,,US,Does not apply,,
3.56917E+11,CASIO G-SHOCK GA-B2100-1AJF Carbon Core Bluetooth Solar Black Watch,,,1,FIXED_PRICE,USD,194.98,,,194.98,0,1,,May-17-25 19:20:41 PDT,Apr-17-26 19:20:41 PDT,Wristwatches,31387,,,New with box and papers,,,,,,US,Does not apply,,
3.56917E+11,CASIO G-SHOCK Urban Utility GA-B2100LUU-8AJF Bluetooth Tough Solar Gray,,,0,FIXED_PRICE,USD,237.9,,,237.9,0,,,May-17-25 19:20:41 PDT,Apr-17-26 19:20:41 PDT,Wristwatches,31387,,,New with box and papers,,,,,,US,Does not apply,,
3.56917E+11,CASIO G-SHOCK GAW-100B-1A2JF Radio Wave Solar Black Watch,,,1,FIXED_PRICE,USD,213.98,,,213.98,0,,,May-17-25 19:20:41 PDT,Apr-17-26 19:20:41 PDT,Wristwatches,31387,,,New with box and papers,,,,,,US,Does not apply,,
3.56917E+11,CASIO G-SHOCK GA-B2100-1A1JF Carbon Core Bluetooth Solar Black Watch,,,1,FIXED_PRICE,USD,194.98,,,194.98,0,1,,May-17-25 19:20:41 PDT,Apr-17-26 19:20:41 PDT,Wristwatches,31387,,,New with box and papers,,,,,,US,Does not apply,,
3.56917E+11,CASIO G-SHOCK GAW-100B-7AJF Radio Wave Solar White Watch,,,1,FIXED_PRICE,USD,258.98,,,258.98,0,,,May-17-25 19:20:41 PDT,Apr-17-26 19:20:41 PDT,Wristwatches,31387,,,New with box and papers,,,,,,US,Does not apply,,
3.56932E+11,CASIO G-SHOCK GA-2300-1AJF Black Digital Watch,,,1,FIXED_PRICE,USD,160.69,,,160.69,0,1,,May-20-25 02:35:47 PDT,Apr-20-26 02:35:47 PDT,Wristwatches,31387,,,New with box and papers,,,,,,US,Does not apply,,
3.56932E+11,CASIO G-SHOCK GAW-100B-1AJF Radio Wave Solar Black Watch,,,1,FIXED_PRICE,USD,213.98,,,213.98,0,,,May-20-25 02:35:48 PDT,Apr-20-26 02:35:48 PDT,Wristwatches,31387,,,New with box and papers,,,,,,US,Does not apply,,
3.56932E+11,CASIO G-SHOCK GA-2300-4AJF Pink Digital Watch,,,1,FIXED_PRICE,USD,160.69,,,160.69,0,1,,May-20-25 02:35:47 PDT,Apr-20-26 02:35:47 PDT,Wristwatches,31387,,,New with box and papers,,,,,,US,Does not apply,,
3.56932E+11,CASIO G-SHOCK GAW-100-1AJF Radio Wave Solar Black Watch,,,1,FIXED_PRICE,USD,238.28,,,238.28,0,,,May-20-25 02:35:48 PDT,Apr-20-26 02:35:48 PDT,Wristwatches,31387,,,New with box and papers,,,,,,US,Does not apply,,
3.56932E+11,CASIO G-SHOCK GA-2300FL-4AJF Biomass Plastic Orange Digital Watch,,,1,FIXED_PRICE,USD,164.73,,,164.73,0,,,May-20-25 02:35:48 PDT,Apr-20-26 02:35:48 PDT,Wristwatches,31387,,,New with box and papers,,,,,,US,Does not apply,,
3.56932E+11,CASIO G-SHOCK G-LIDE GWX-5600C-7JF Radio Wave Solar White Digital Watch,,,1,FIXED_PRICE,USD,183.29,,,183.29,0,2,,May-20-25 02:35:48 PDT,Apr-20-26 02:35:48 PDT,Wristwatches,31387,,,New with box and papers,,,,,,US,Does not apply,,
3.56932E+11,CASIO G-SHOCK GA-2300-7AJF White Digital Watch,,,1,FIXED_PRICE,USD,183.08,,,183.08,0,1,,May-20-25 02:35:48 PDT,Apr-20-26 02:35:48 PDT,Wristwatches,31387,,,New with box and papers,,,,,,US,Does not apply,,
3.56932E+11,CASIO G-SHOCK Virtual Mix GA-2300MW-8AJF Gray Digital Watch,,,1,FIXED_PRICE,USD,203.49,,,203.49,0,,,May-20-25 02:35:48 PDT,Apr-20-26 02:35:48 PDT,Wristwatches,31387,,,New with box and papers,,,,,,US,Does not apply,,
3.56932E+11,CASIO G-SHOCK G-LIDE GWX-5600C-4JF Radio Wave Solar Red Digital Watch,,,1,FIXED_PRICE,USD,207.98,,,207.98,0,1,0,May-20-25 02:35:48 PDT,Apr-20-26 02:35:48 PDT,Wristwatches,31387,,,New with box and papers,,,,,,US,Does not apply,,
3.56932E+11,CASIO G-SHOCK G-LIDE GWX-5600-1JF Radio Wave Solar Black Digital Watch,,,1,FIXED_PRICE,USD,183.29,,,183.29,0,1,,May-20-25 02:35:48 PDT,Apr-20-26 02:35:48 PDT,Wristwatches,31387,,,New with box and papers,,,,,,US,Does not apply,,
3.56932E+11,CASIO G-SHOCK GA-2000S-1AJF Carbon Core Guard Black Analog Digital Watch,,,1,FIXED_PRICE,USD,203.98,,,203.98,0,0,,May-20-25 02:35:48 PDT,Apr-20-26 02:35:48 PDT,Wristwatches,31387,,,New with box and papers,,,,,,US,Does not apply,,
3.56932E+11,CASIO G-SHOCK GA-2000S-7AJF Carbon Core Guard White Analog Digital Watch,,,1,FIXED_PRICE,USD,203.98,,,203.98,0,0,,May-20-25 02:35:48 PDT,Apr-20-26 02:35:48 PDT,Wristwatches,31387,,,New with box and papers,,,,,,US,Does not apply,,
3.56932E+11,CASIO G-SHOCK GA-2000-1A9JF Carbon Core Guard Yellow Analog Digital Watch,,,1,FIXED_PRICE,USD,168.81,,,168.81,0,2,,May-20-25 02:35:48 PDT,Apr-20-26 02:35:48 PDT,Wristwatches,31387,,,New with box and papers,,,,,,US,Does not apply,,
3.56932E+11,CASIO G-SHOCK G-STEEL GST-W110-1AJF Radio Wave Solar Black Watch,,,1,FIXED_PRICE,USD,288.98,,,288.98,0,,,May-20-25 02:35:48 PDT,Apr-20-26 02:35:48 PDT,Wristwatches,31387,,,New with box and papers,,,,,,US,Does not apply,,
3.56939E+11,CASIO G-SHOCK G-LIDE GLX-5600KB-1JR Igarashi Signature Biomass Gray Digital,,,1,FIXED_PRICE,USD,262.98,,,262.98,0,,,May-21-25 05:05:44 PDT,Apr-21-26 05:05:44 PDT,Wristwatches,31387,,,New with box and papers,,,,,,US,Does not apply,,
3.56939E+11,CASIO G-SHOCK G-STEEL GST-W110D-1A9JF Radio Wave Solar Silver Watch,,,1,FIXED_PRICE,USD,439.98,,,439.98,0,,,May-21-25 05:05:44 PDT,Apr-21-26 05:05:44 PDT,Wristwatches,31387,,,New with box and papers,,,,,,US,Does not apply,,
3.56939E+11,CASIO G-SHOCK GA-V01-2AJF Purple Analog Digital Watch,,,1,FIXED_PRICE,USD,235.98,,,235.98,0,,,May-21-25 05:05:44 PDT,Apr-21-26 05:05:44 PDT,Wristwatches,31387,,,New with box and papers,,,,,,US,Does not apply,,
3.56939E+11,CASIO G-SHOCK G-STEEL GST-W110D-7AJF Radio Wave Solar Silver Watch,,,1,FIXED_PRICE,USD,439.98,,,439.98,0,,,May-21-25 05:05:44 PDT,Apr-21-26 05:05:44 PDT,Wristwatches,31387,,,New with box and papers,,,,,,US,Does not apply,,
3.56939E+11,CASIO G-SHOCK G-LIDE GLX-5600-1JF Black Digital Watch,,,1,FIXED_PRICE,USD,148.98,,,148.98,0,0,,May-21-25 05:05:45 PDT,Apr-21-26 05:05:45 PDT,Wristwatches,31387,,,New with box and papers,,,,,,US,Does not apply,,
3.56939E+11,CASIO G-SHOCK G-STEEL GST-W100G-1BJF Radio Wave Solar Black Watch,,,1,FIXED_PRICE,USD,398.98,,,398.98,0,1,,May-21-25 05:05:45 PDT,Apr-21-26 05:05:45 PDT,Wristwatches,31387,,,New with box and papers,,,,,,US,Does not apply,,
3.56939E+11,CASIO G-SHOCK G-STEEL GST-W110D-1AJF Radio Wave Solar Silver Watch,,,1,FIXED_PRICE,USD,439.98,,,439.98,0,,,May-21-25 05:05:45 PDT,Apr-21-26 05:05:45 PDT,Wristwatches,31387,,,New with box and papers,,,,,,US,Does not apply,,
3.56939E+11,CASIO G-SHOCK G-LIDE GLX-5600-7JF White Digital Watch,,,1,FIXED_PRICE,USD,148.98,,,148.98,0,0,,May-21-25 05:05:45 PDT,Apr-21-26 05:05:45 PDT,Wristwatches,31387,,,New with box and papers,,,,,,US,Does not apply,,
3.56946E+11,CASIO G-SHOCK AWG-M100NV Solar Atomic Watch Navy Black Blue w/ Box Exc.,,,0,FIXED_PRICE,USD,193.98,,,193.98,0,,,May-22-25 04:20:44 PDT,Apr-22-26 04:20:44 PDT,Wristwatches,31387,,,Pre-owned - Good,,,,,,US,Does not apply,,
3.56946E+11,CASIO G-SHOCK GA-1100KH Gravity Master Khaki Watch w/ Box Excellent,,,0,FIXED_PRICE,USD,307.5,,,307.5,0,1,,May-22-25 04:20:44 PDT,Apr-22-26 04:20:44 PDT,Wristwatches,31387,,,Pre-owned - Good,,,,,,US,Does not apply,,
3.56963E+11,CASIO G-SHOCK Black Brilliant GA-700WD-1AJF Black Analog Digital Watch,,,0,FIXED_PRICE,USD,198.98,,,198.98,0,0,,May-24-25 17:51:54 PDT,Apr-24-26 17:51:54 PDT,Wristwatches,31387,,,New with box and papers,,,,,,US,Does not apply,,
3.56963E+11,CASIO G-SHOCK GA-710-1A2JF Black Analog Digital Watch,,,1,FIXED_PRICE,USD,185.98,,,185.98,0,1,0,May-24-25 17:51:54 PDT,Apr-24-26 17:51:54 PDT,Wristwatches,31387,,,New with box and papers,,,,,,US,Does not apply,,
3.56963E+11,CASIO G-SHOCK GA-2100SU-1A Analog Digital Black Camouflage Watch,,,1,FIXED_PRICE,USD,150.77,,,150.77,0,1,,May-24-25 17:51:54 PDT,Apr-24-26 17:51:54 PDT,Wristwatches,31387,,,New with box and papers,,,,,,US,Does not apply,,
3.56963E+11,CASIO G-SHOCK GA-700MF-1AJF Multi Fluorescent Color Black Watch,,,1,FIXED_PRICE,USD,181.94,,,181.94,0,2,0,May-24-25 17:51:54 PDT,Apr-24-26 17:51:54 PDT,Wristwatches,31387,,,New with box and papers,,,,,,US,Does not apply,,
3.56963E+11,CASIO G-SHOCK GA-700BBR-1AJF Black Analog Digital Watch,,,1,FIXED_PRICE,USD,208.98,,,208.98,0,1,,May-24-25 17:51:54 PDT,Apr-24-26 17:51:54 PDT,Wristwatches,31387,,,New with box and papers,,,,,,US,Does not apply,,
3.56963E+11,CASIO G-SHOCK HIDDEN GLOW GA-700HD-8AJF Gray Analog Digital Watch,,,0,FIXED_PRICE,USD,195,,,195,0,1,,May-24-25 17:51:55 PDT,Apr-24-26 17:51:55 PDT,Wristwatches,31387,,,New with box and papers,,,,,,US,Does not apply,,
3.56963E+11,CASIO G-SHOCK Two Tone Utility GA-710TU-1A3JF Olive Green Analog Digital,,,0,FIXED_PRICE,USD,191.14,,,191.14,0,,,May-24-25 17:51:55 PDT,Apr-24-26 17:51:55 PDT,Wristwatches,31387,,,New with box and papers,,,,,,US,Does not apply,,
3.56967E+11,CASIO G-SHOCK GA-710-1AJF Black Analog Digital Watch,,,1,FIXED_PRICE,USD,204.98,,,204.98,0,,,May-25-25 04:54:18 PDT,Apr-25-26 04:54:18 PDT,Wristwatches,31387,,,New with box and papers,,,,,,US,Does not apply,,
3.56967E+11,CASIO G-SHOCK GA-700-1BJF Black Analog Digital Watch,,,1,FIXED_PRICE,USD,189.98,,,189.98,0,0,,May-25-25 04:54:18 PDT,Apr-25-26 04:54:18 PDT,Wristwatches,31387,,,New with box and papers,,,,,,US,Does not apply,,
3.56967E+11,CASIO G-SHOCK GA-700BCE-1AJF CORDURA Eco Fabric Black Analog Digital,,,1,FIXED_PRICE,USD,212.98,,,212.98,0,,,May-25-25 04:54:18 PDT,Apr-25-26 04:54:18 PDT,Wristwatches,31387,,,New with box and papers,,,,,,US,Does not apply,,
3.56967E+11,CASIO G-SHOCK GA-2100-1A3 Neon Accent Green Analog Digital Watch,,,1,FIXED_PRICE,USD,139.59,,,139.59,0,1,,May-25-25 04:54:18 PDT,Apr-25-26 04:54:18 PDT,Wristwatches,31387,,,New with box and papers,,,,,,US,Does not apply,,
3.56967E+11,CASIO G-SHOCK Black Brilliant GA-100WD-1AJF Black Analog Digital Watch,,,0,FIXED_PRICE,USD,216.98,,,216.98,0,0,0,May-25-25 04:54:18 PDT,Apr-25-26 04:54:18 PDT,Wristwatches,31387,,,New with box and papers,,,,,,US,Does not apply,,
3.56967E+11,CASIO G-SHOCK GA-700-7AJF White Analog Digital Watch,,,1,FIXED_PRICE,USD,189.98,,,189.98,0,0,,May-25-25 04:54:18 PDT,Apr-25-26 04:54:18 PDT,Wristwatches,31387,,,New with box and papers,,,,,,US,Does not apply,,
3.56967E+11,CASIO G-SHOCK GA-710GB-1AJF Black Gold Analog Digital Watch,,,1,FIXED_PRICE,USD,219.98,,,219.98,0,,,May-25-25 04:54:18 PDT,Apr-25-26 04:54:18 PDT,Wristwatches,31387,,,New with box and papers,,,,,,US,Does not apply,,
3.56967E+11,CASIO G-SHOCK Multi Fluorescent GA-100MF-1AJF Black Analog Digital Watch,,,0,FIXED_PRICE,USD,212.14,,,212.14,0,0,,May-25-25 04:54:18 PDT,Apr-25-26 04:54:18 PDT,Wristwatches,31387,,,New with box and papers,,,,,,US,Does not apply,,
3.5698E+11,CASIO G-SHOCK GA-100CB-1AJF Black Analog Digital Watch,,,1,FIXED_PRICE,USD,181.98,,,181.98,0,1,,May-27-25 02:20:29 PDT,Apr-27-26 02:20:29 PDT,Wristwatches,31387,,,New with box and papers,,,,,,US,Does not apply,,
3.5698E+11,CASIO G-SHOCK AWG-M100A-1A Analog Digital Radio Wave Solar Watch,,,1,FIXED_PRICE,USD,206.98,,,206.98,0,,,May-27-25 02:20:29 PDT,Apr-27-26 02:20:29 PDT,Wristwatches,31387,,,New with box and papers,,,,,,US,Does not apply,,
3.5698E+11,CASIO G-SHOCK Flame Inside GA-100FL-8AJF Gray Analog Digital Watch,,,1,FIXED_PRICE,USD,197.98,,,197.98,0,,,May-27-25 02:20:29 PDT,Apr-27-26 02:20:29 PDT,Wristwatches,31387,,,New with box and papers,,,,,,US,Does not apply,,
3.5698E+11,CASIO G-SHOCK FIRE PACKAGE '12 AWG-M100B-1A Radio Wave Solar Watch,,,1,FIXED_PRICE,USD,193.35,,,193.35,0,,,May-27-25 02:20:29 PDT,Apr-27-26 02:20:29 PDT,Wristwatches,31387,,,New with box and papers,,,,,,US,Does not apply,,
3.5698E+11,CASIO G-SHOCK GW-M5610U-1 Radio Wave Solar Black Digital Watch,,,1,FIXED_PRICE,USD,179.03,,,179.03,0,,,May-27-25 02:20:29 PDT,Apr-27-26 02:20:29 PDT,Wristwatches,31387,,,New with box and papers,,,,,,US,Does not apply,,
3.5698E+11,CASIO G-SHOCK GW-M5610U-1CJF Radio Solar Super Illuminator Black Digital,,,1,FIXED_PRICE,USD,236.98,,,236.98,0,1,,May-27-25 02:20:29 PDT,Apr-27-26 02:20:29 PDT,Wristwatches,31387,,,New with box and papers,,,,,,US,Does not apply,,
3.5698E+11,CASIO G-SHOCK GW-M5610U-2JF Radio Wave Solar Blue Digital Watch,,,1,FIXED_PRICE,USD,236.98,,,236.98,0,1,,May-27-25 02:20:29 PDT,Apr-27-26 02:20:29 PDT,Wristwatches,31387,,,New with box and papers,,,,,,US,Does not apply,,
3.5698E+11,CASIO G-SHOCK GW-S5600U-1JF Carbon Fiber Radio Wave Solar Digital Watch,,,1,FIXED_PRICE,USD,347.98,,,347.98,0,,,May-27-25 02:20:29 PDT,Apr-27-26 02:20:29 PDT,Wristwatches,31387,,,New with box and papers,,,,,,US,Does not apply,,
3.5698E+11,CASIO G-SHOCK GW-M5610UBC-1JF Composite Band Radio Wave Solar Digital Watch,,,1,FIXED_PRICE,USD,220.45,,,220.45,0,,,May-27-25 02:20:29 PDT,Apr-27-26 02:20:29 PDT,Wristwatches,31387,,,New with box and papers,,,,,,US,Does not apply,,
3.5698E+11,CASIO G-SHOCK GW-M5610U-1JF Radio Solar Super Illuminator Black Digital,,,1,FIXED_PRICE,USD,191.38,,,191.38,0,,,May-27-25 02:20:29 PDT,Apr-27-26 02:20:29 PDT,Wristwatches,31387,,,New with box and papers,,,,,,US,Does not apply,,
3.5698E+11,CASIO G-SHOCK DW-9052-1V Digital Black Watch,,,0,FIXED_PRICE,USD,98.13,,,98.13,0,2,,May-27-25 02:20:29 PDT,Apr-27-26 02:20:29 PDT,Wristwatches,31387,,,New with box and papers,,,,,,US,Does not apply,,
3.5698E+11,CASIO G-SHOCK GBD-200LM-1 Bluetooth Black Digital Watch,,,0,FIXED_PRICE,USD,278.98,,,278.98,0,2,,May-27-25 02:20:29 PDT,Apr-27-26 02:20:29 PDT,Wristwatches,31387,,,New with box and papers,,,,,,US,Does not apply,,
3.5698E+11,CASIO G-SHOCK GW-M5610U-1B Radio Wave Solar Black Digital Watch,,,0,FIXED_PRICE,USD,208.71,,,208.71,0,0,,May-27-25 02:20:29 PDT,Apr-27-26 02:20:29 PDT,Wristwatches,31387,,,New with box and papers,,,,,,US,Does not apply,,
3.5698E+11,CASIO G-SHOCK AWG-M100SB-2A Analog Digital Quartz Navy Watch,,,1,FIXED_PRICE,USD,181.94,,,181.94,0,1,0,May-27-25 02:20:29 PDT,Apr-27-26 02:20:29 PDT,Wristwatches,31387,,,New with box and papers,,,,,,US,Does not apply,,
3.5698E+11,CASIO G-SHOCK GA-100CF-1A9JF Black Analog Digital Watch,,,1,FIXED_PRICE,USD,146.97,,,146.97,0,,,May-27-25 02:20:29 PDT,Apr-27-26 02:20:29 PDT,Wristwatches,31387,,,New with box and papers,,,,,,US,Does not apply,,
3.5698E+11,CASIO G-SHOCK G-SQUAD GBD-200-2DR Bluetooth Blue Digital Watch,,,1,FIXED_PRICE,USD,232.07,,,232.07,0,,,May-27-25 02:20:29 PDT,Apr-27-26 02:20:29 PDT,Wristwatches,31387,,,New with box and papers,,,,,,US,Does not apply,,
3.5698E+11,CASIO G-SHOCK Flame Inside GA-100FL-1AJF Black Analog Digital Watch,,,1,FIXED_PRICE,USD,195.98,,,195.98,0,1,0,May-27-25 02:20:29 PDT,Apr-27-26 02:20:29 PDT,Wristwatches,31387,,,New with box and papers,,,,,,US,Does not apply,,
3.5698E+11,CASIO G-SHOCK G-SQUAD GBD-200-1DR Bluetooth Black Digital Watch,,,1,FIXED_PRICE,USD,199.98,,,199.98,0,2,0,May-27-25 02:20:29 PDT,Apr-27-26 02:20:29 PDT,Wristwatches,31387,,,New with box and papers,,,,,,US,Does not apply,,
3.5698E+11,CASIO G-SHOCK G-SQUAD GBD-200UU-9DR Bluetooth Yellow Digital Watch,,,1,FIXED_PRICE,USD,231.86,,,231.86,0,,,May-27-25 02:20:29 PDT,Apr-27-26 02:20:29 PDT,Wristwatches,31387,,,New with box and papers,,,,,,US,Does not apply,,
3.56987E+11,CASIO G-SHOCK GD-010BBR-1JF Eco-Friendly Biomass Black Digital Watch,,,1,FIXED_PRICE,USD,171.98,,,171.98,1,0,,May-28-25 03:17:38 PDT,Apr-28-26 03:17:38 PDT,Wristwatches,31387,,,New with box and papers,,,,,,US,Does not apply,,
3.56987E+11,CASIO G-SHOCK GD-010-1A1JF Biomass Plastic Black Digital Watch,,,1,FIXED_PRICE,USD,155.98,,,155.98,0,,,May-28-25 03:17:38 PDT,Apr-28-26 03:17:38 PDT,Wristwatches,31387,,,New with box and papers,,,,,,US,Does not apply,,
3.56987E+11,CASIO G-SHOCK GD-010-4JF Long Life Battery Biomass Orange Digital Watch,,,1,FIXED_PRICE,USD,155.98,,,155.98,0,,,May-28-25 03:17:38 PDT,Apr-28-26 03:17:38 PDT,Wristwatches,31387,,,New with box and papers,,,,,,US,Does not apply,,
3.56987E+11,CASIO G-SHOCK GD-010-1JF Long Life Battery Biomass Black Digital Watch,,,1,FIXED_PRICE,USD,155.98,,,155.98,0,,,May-28-25 03:17:38 PDT,Apr-28-26 03:17:38 PDT,Wristwatches,31387,,,New with box and papers,,,,,,US,Does not apply,,
3.56987E+11,CASIO G-SHOCK GD-010CE-5JF CORDURA Biomass Brown Digital Watch,,,1,FIXED_PRICE,USD,174.98,,,174.98,0,,,May-28-25 03:17:38 PDT,Apr-28-26 03:17:38 PDT,Wristwatches,31387,,,New with box and papers,,,,,,US,Does not apply,,
3.56987E+11,CASIO G-SHOCK GD-010-3JF Long Life Battery Biomass Khaki Digital Watch,,,1,FIXED_PRICE,USD,155.98,,,155.98,0,,,May-28-25 03:17:38 PDT,Apr-28-26 03:17:38 PDT,Wristwatches,31387,,,New with box and papers,,,,,,US,Does not apply,,
3.56987E+11,CASIO G-SHOCK GW-2310-1JF Radio Wave Solar Black Digital Watch,,,1,FIXED_PRICE,USD,210.17,,,210.17,0,,,May-28-25 03:17:38 PDT,Apr-28-26 03:17:38 PDT,Wristwatches,31387,,,New with box and papers,,,,,,US,Does not apply,,
3.56987E+11,CASIO G-SHOCK DW-5600UE-1JF Black Digital Watch,,,1,FIXED_PRICE,USD,151.98,,,151.98,0,,,May-28-25 03:17:38 PDT,Apr-28-26 03:17:38 PDT,Wristwatches,31387,,,New with box and papers,,,,,,US,Does not apply,,
3.56987E+11,CASIO G-SHOCK FIRE PACKAGE '25 GW-2320FP-1A2JR Radio Wave Solar Black,,,0,FIXED_PRICE,USD,236.98,,,236.98,0,,,May-28-25 03:17:38 PDT,Apr-28-26 03:17:38 PDT,Wristwatches,31387,,,New with box and papers,,,,,,US,Does not apply,,
3.56994E+11,CASIO G-SHOCK GW-B5600-2 Bluetooth Radio Wave Solar Blue Watch,,,0,FIXED_PRICE,USD,265.71,,,265.71,0,,,May-29-25 04:42:51 PDT,Apr-29-26 04:42:51 PDT,Wristwatches,31387,,,New with box and papers,,,,,,US,Does not apply,,
3.56994E+11,CASIO G-SHOCK GW-B5600BC-1B All Black Bluetooth Radio Wave Solar Digital Watch,,,1,FIXED_PRICE,USD,262.98,,,262.98,0,2,0,May-29-25 04:42:51 PDT,Apr-29-26 04:42:51 PDT,Wristwatches,31387,,,New with box and papers,,,,,,US,Does not apply,,
3.56994E+11,CASIO G-SHOCK AWG-M100A-1A Analog Digital Radio Wave Solar Watch,,,1,FIXED_PRICE,USD,200.14,,,200.14,0,1,0,May-29-25 04:42:51 PDT,Apr-29-26 04:42:51 PDT,Wristwatches,31387,,,New with box and papers,,,,,,US,Does not apply,,
3.56994E+11,CASIO G-SHOCK GA-2100-7ADR Octagon Analog Digital White Watch,,,1,FIXED_PRICE,USD,151.98,,,151.98,0,,,May-29-25 04:42:51 PDT,Apr-29-26 04:42:51 PDT,Wristwatches,31387,,,New with box and papers,,,,,,US,Does not apply,,
3.56994E+11,CASIO G-SHOCK GA-2100-2ADR Octagon Analog Digital Blue Watch,,,1,FIXED_PRICE,USD,348.98,,,348.98,0,1,,May-29-25 04:42:51 PDT,Apr-29-26 04:42:51 PDT,Wristwatches,31387,,,New with box and papers,,,,,,US,Does not apply,,
3.56994E+11,CASIO G-SHOCK GA-2100-4A Analog Digital Red Carbon Core Guard Watch,,,1,FIXED_PRICE,USD,164.79,,,164.79,0,,,May-29-25 04:42:51 PDT,Apr-29-26 04:42:51 PDT,Wristwatches,31387,,,New with box and papers,,,,,,US,Does not apply,,
3.56994E+11,CASIO G-SHOCK GA-2100FR-5ADR Analog Digital World Time Watch,,,1,FIXED_PRICE,USD,304.98,,,304.98,0,0,,May-29-25 04:42:51 PDT,Apr-29-26 04:42:51 PDT,Wristwatches,31387,,,New with box and papers,,,,,,US,Does not apply,,
3.57001E+11,CASIO G-SHOCK GM-2100RW-1AJF Metal Covered Biomass Black Watch,,,1,FIXED_PRICE,USD,340.98,,,340.98,0,0,,May-30-25 05:25:23 PDT,Apr-30-26 05:25:23 PDT,Wristwatches,31387,,,New with box and papers,,,,,,US,Does not apply,,
3.57001E+11,CASIO G-SHOCK GM-2100MWG-1AJR Metal Covered Navy Watch,,,0,FIXED_PRICE,USD,486.98,,,486.98,0,0,,May-30-25 05:25:23 PDT,Apr-30-26 05:25:23 PDT,Wristwatches,31387,,,New with box and papers,,,,,,US,Does not apply,,
3.57001E+11,CASIO G-SHOCK Classy Off-Road GM-2100CL-5AJF Metal Covered Brown Skeleton,,,1,FIXED_PRICE,USD,380.98,,,380.98,0,,,May-30-25 05:25:23 PDT,Apr-30-26 05:25:23 PDT,Wristwatches,31387,,,New with box and papers,,,,,,US,Does not apply,,
3.57001E+11,CASIO G-SHOCK Precious Heart GM-2100WS-7AJF Metal Covered White Watch,,,1,FIXED_PRICE,USD,292.98,,,292.98,0,,,May-30-25 05:25:23 PDT,Apr-30-26 05:25:23 PDT,Wristwatches,31387,,,New with box and papers,,,,,,US,Does not apply,,
3.57001E+11,CASIO G-SHOCK GM-2100RI23-1JR Metal Covered Black Watch,,,0,FIXED_PRICE,USD,404.98,,,404.98,0,,,May-30-25 05:25:24 PDT,Apr-30-26 05:25:24 PDT,Wristwatches,31387,,,New with box and papers,,,,,,US,Does not apply,,
3.57033E+11,CASIO G-SHOCK G-7900A-4 Red Digital Men's Watch 200M WR,,,1,FIXED_PRICE,USD,162.98,,,162.98,0,0,0,Jun-04-25 04:27:27 PDT,May-04-26 04:27:27 PDT,Wristwatches,31387,,,New with box and papers,,,,,,US,Does not apply,,
3.57033E+11,CASIO G-SHOCK GBA-950-1AJF Bluetooth Black Men's Watch,,,1,FIXED_PRICE,USD,250.98,,,250.98,0,,,Jun-04-25 04:30:06 PDT,May-04-26 04:30:06 PDT,Wristwatches,31387,,,New with box and papers,,,,,,US,Does not apply,,
3.57033E+11,CASIO G-SHOCK GBA-950-7AJF Bluetooth White Men's Watch,,,1,FIXED_PRICE,USD,250.98,,,250.98,0,,,Jun-04-25 04:30:06 PDT,May-04-26 04:30:06 PDT,Wristwatches,31387,,,New with box and papers,,,,,,US,Does not apply,,
3.57033E+11,CASIO G-SHOCK GBA-950-2AJF Bluetooth Purple Men's Watch,,,1,FIXED_PRICE,USD,250.98,,,250.98,0,,,Jun-04-25 04:30:06 PDT,May-04-26 04:30:06 PDT,Wristwatches,31387,,,New with box and papers,,,,,,US,Does not apply,,
3.57039E+11,CASIO G-SHOCK GW-B5600BL-1 Bluetooth Solar Radio Black Digital Watch,,,1,FIXED_PRICE,USD,385.98,,,385.98,0,,,Jun-05-25 03:50:29 PDT,May-05-26 03:50:29 PDT,Wristwatches,31387,,,New with box and papers,,,,,,US,Does not apply,,
3.57039E+11,CASIO G-SHOCK GA-700-1AJF Black Analog-Digital Men's Watch 200M WR,,,1,FIXED_PRICE,USD,140.56,,,140.56,0,,,Jun-05-25 03:50:29 PDT,May-05-26 03:50:29 PDT,Wristwatches,31387,,,New with box and papers,,,,,,US,Does not apply,,
3.57039E+11,CASIO G-SHOCK DW-5600E-1V Basic Square Digital Men's Watch 200M WR,,,0,FIXED_PRICE,USD,158.91,,,158.91,0,1,,Jun-05-25 03:50:29 PDT,May-05-26 03:50:29 PDT,Wristwatches,31387,,,New with box and papers,,,,,,US,Does not apply,,
3.57039E+11,CASIO G-SHOCK GBD-800-1B Bluetooth Black Digital Men's Watch 200M WR,,,1,FIXED_PRICE,USD,175.98,,,175.98,0,0,,Jun-05-25 03:50:29 PDT,May-05-26 03:50:29 PDT,Wristwatches,31387,,,New with box and papers,,,,,,US,Does not apply,,
3.57039E+11,CASIO G-SHOCK GMA-S2100-1A Octagon Black Analog-Digital Watch,,,0,FIXED_PRICE,USD,133.74,,,133.74,0,,,Jun-05-25 03:50:30 PDT,May-05-26 03:50:30 PDT,Wristwatches,31387,,,New with box and papers,,,,,,US,Does not apply,,
3.57039E+11,CASIO G-SHOCK GA-700-4A Red Analog-Digital Men's Watch 200M WR,,,1,FIXED_PRICE,USD,159.68,,,159.68,0,,,Jun-05-25 03:50:30 PDT,May-05-26 03:50:30 PDT,Wristwatches,31387,,,New with box and papers,,,,,,US,Does not apply,,
3.57039E+11,CASIO G-SHOCK GBD-800UC-5 Bluetooth Brown Digital Men's Watch 200M WR,,,1,FIXED_PRICE,USD,177.98,,,177.98,0,,,Jun-05-25 03:50:30 PDT,May-05-26 03:50:30 PDT,Wristwatches,31387,,,New with box and papers,,,,,,US,Does not apply,,
3.57039E+11,CASIO G-SHOCK GA-700-1B Black Analog-Digital Men's Watch 200M WR,,,1,FIXED_PRICE,USD,139.94,,,139.94,0,,,Jun-05-25 03:50:30 PDT,May-05-26 03:50:30 PDT,Wristwatches,31387,,,New with box and papers,,,,,,US,Does not apply,,
3.57046E+11,CASIO G-SHOCK DW-5600TLS-8JF Beach Time Lapse Gray Skeleton Watch,,,1,FIXED_PRICE,USD,187.98,,,187.98,0,0,,Jun-06-25 02:57:14 PDT,May-06-26 02:57:14 PDT,Wristwatches,31387,,,New with box and papers,,,,,,US,Does not apply,,
3.57046E+11,CASIO G-SHOCK GMA-P2100IT-7AJR ITZY Collab White Women's Watch Octagon,,,1,FIXED_PRICE,USD,221.98,,,221.98,0,,,Jun-06-25 02:57:14 PDT,May-06-26 02:57:14 PDT,Wristwatches,31387,,,New with box and papers,,,,,,US,Does not apply,,
3.57046E+11,CASIO G-SHOCK GMA-P2100ST-7AJF Biomass White Women's Watch Octagon,,,1,FIXED_PRICE,USD,236.98,,,236.98,0,,,Jun-06-25 02:57:14 PDT,May-06-26 02:57:14 PDT,Wristwatches,31387,,,New with box and papers,,,,,,US,Does not apply,,
3.57046E+11,CASIO G-SHOCK GMA-P2100ST-9AJF Biomass Beige Women's Watch Octagon,,,1,FIXED_PRICE,USD,201.39,,,201.39,0,,,Jun-06-25 02:57:14 PDT,May-06-26 02:57:14 PDT,Wristwatches,31387,,,New with box and papers,,,,,,US,Does not apply,,
3.57046E+11,CASIO G-SHOCK GBD-800UC-3 Bluetooth Green Digital Men's Watch 200M WR,,,0,FIXED_PRICE,USD,198.98,,,198.98,0,1,,Jun-06-25 02:57:14 PDT,May-06-26 02:57:14 PDT,Wristwatches,31387,,,New with box and papers,,,,,,US,Does not apply,,
3.57046E+11,CASIO G-SHOCK GMA-P2100IT-4AJR ITZY Collab Pink Women's Watch Octagon,,,1,FIXED_PRICE,USD,191.81,,,191.81,0,,,Jun-06-25 02:57:14 PDT,May-06-26 02:57:14 PDT,Wristwatches,31387,,,New with box and papers,,,,,,US,Does not apply,,
3.57046E+11,CASIO G-SHOCK GMA-P2100SA-1A1JF Bio Black Women's Watch Octagon,,,1,FIXED_PRICE,USD,206.98,,,206.98,0,,,Jun-06-25 02:57:14 PDT,May-06-26 02:57:14 PDT,Wristwatches,31387,,,New with box and papers,,,,,,US,Does not apply,,
3.57046E+11,CASIO G-SHOCK DW-5600NNJ-2JR Blue Ninja Gaiden Collab Digital Watch,,,1,FIXED_PRICE,USD,185.98,,,185.98,0,3,0,Jun-06-25 02:57:15 PDT,May-06-26 02:57:15 PDT,Wristwatches,31387,,,New with box and papers,,,,,,US,Does not apply,,
3.57046E+11,CASIO G-SHOCK GMA-P2100SA-1A2JF Bio Black Women's Watch Octagon,,,1,FIXED_PRICE,USD,206.98,,,206.98,0,,,Jun-06-25 02:57:15 PDT,May-06-26 02:57:15 PDT,Wristwatches,31387,,,New with box and papers,,,,,,US,Does not apply,,
3.57053E+11,CASIO G-SHOCK GMA-P2100ST-4AJF Biomass Pink Women's Watch Octagon,,,1,FIXED_PRICE,USD,201.39,,,201.39,0,,,Jun-07-25 05:58:41 PDT,Apr-07-26 05:58:41 PDT,Wristwatches,31387,,,New with box and papers,,,,,,US,Does not apply,,
3.57053E+11,CASIO G-SHOCK GW-8900-1JF Multi-Band 6 Solar Radio Black Men's Watch,,,1,FIXED_PRICE,USD,240.98,,,240.98,0,1,,Jun-07-25 05:58:41 PDT,Apr-07-26 05:58:41 PDT,Wristwatches,31387,,,New with box and papers,,,,,,US,Does not apply,,
3.57053E+11,CASIO G-SHOCK GMA-P2125W-6AJR Intl Women's Day Bio Purple Watch,,,1,FIXED_PRICE,USD,235.98,,,235.98,0,,,Jun-07-25 05:58:41 PDT,Apr-07-26 05:58:41 PDT,Wristwatches,31387,,,New with box and papers,,,,,,US,Does not apply,,
3.57053E+11,CASIO G-SHOCK GW-8900A-1JF Multi-Band 6 Solar Radio Black Men's Watch,,,0,FIXED_PRICE,USD,240.98,,,240.98,0,2,,Jun-07-25 05:58:41 PDT,Apr-07-26 05:58:41 PDT,Wristwatches,31387,,,New with box and papers,,,,,,US,Does not apply,,
3.57053E+11,CASIO G-SHOCK GMA-P2100-4AJF Pink Biomass Women's Watch Mid-Size,,,1,FIXED_PRICE,USD,158.27,,,158.27,0,,,Jun-07-25 05:58:41 PDT,Apr-07-26 05:58:41 PDT,Wristwatches,31387,,,New with box and papers,,,,,,US,Does not apply,,
3.57053E+11,CASIO G-SHOCK GMA-P2100ZY-1AJR ITZY Collab Black Skeleton Watch,,,1,FIXED_PRICE,USD,180.51,,,180.51,0,,,Jun-07-25 05:58:41 PDT,Apr-07-26 05:58:41 PDT,Wristwatches,31387,,,New with box and papers,,,,,,US,Does not apply,,
3.57053E+11,CASIO G-SHOCK GMA-P2100PP-4AJF Power Pink Bio Women's Watch Mid-Size,,,1,FIXED_PRICE,USD,216.98,,,216.98,0,,,Jun-07-25 05:58:41 PDT,Apr-07-26 05:58:41 PDT,Wristwatches,31387,,,New with box and papers,,,,,,US,Does not apply,,
3.57053E+11,CASIO G-SHOCK GA-2100-1A4DR Black Analog-Digital Men's Watch 2100 Series,,,1,FIXED_PRICE,USD,160.98,,,160.98,0,2,0,Jun-07-25 05:58:41 PDT,Apr-07-26 05:58:41 PDT,Wristwatches,31387,,,New with box and papers,,,,,,US,Does not apply,,
3.57053E+11,CASIO G-SHOCK GMA-P2100-2AJF Biomass Turquoise Women's Watch Mid-Size,,,0,FIXED_PRICE,USD,172.26,,,172.26,0,0,,Jun-07-25 05:58:41 PDT,Apr-07-26 05:58:41 PDT,Wristwatches,31387,,,New with box and papers,,,,,,US,Does not apply,,
3.57053E+11,CASIO G-SHOCK GA-100-1A2 Magnetic Resistant Analog-Digital Men's Watch,,,1,FIXED_PRICE,USD,154.65,,,154.65,0,,,Jun-07-25 05:58:41 PDT,Apr-07-26 05:58:41 PDT,Wristwatches,31387,,,New with box and papers,,,,,,US,Does not apply,,
3.57056E+11,CASIO G-SHOCK GA-010-2AJF Biomass Green Long Life Battery Men's Watch,,,1,FIXED_PRICE,USD,193.98,,,193.98,0,1,,Jun-07-25 23:24:25 PDT,Apr-07-26 23:24:25 PDT,Wristwatches,31387,,,New with box and papers,,,,,,US,Does not apply,,
3.57056E+11,CASIO G-SHOCK GA-010-5AJF Biomass Beige Long Life Battery Men's Watch,,,1,FIXED_PRICE,USD,193.98,,,193.98,0,,,Jun-07-25 23:24:25 PDT,Apr-07-26 23:24:25 PDT,Wristwatches,31387,,,New with box and papers,,,,,,US,Does not apply,,
3.57056E+11,CASIO G-SHOCK GA-010-1A1JF Biomass Black Analog-Digital Men's Watch,,,1,FIXED_PRICE,USD,193.98,,,193.98,0,,,Jun-07-25 23:24:25 PDT,Apr-07-26 23:24:25 PDT,Wristwatches,31387,,,New with box and papers,,,,,,US,Does not apply,,
3.57056E+11,CASIO G-SHOCK GA-010CE-2AJF CORDURA Bio Blue Men's Watch 200M WR,,,1,FIXED_PRICE,USD,211.98,,,211.98,0,,,Jun-07-25 23:24:25 PDT,Apr-07-26 23:24:25 PDT,Wristwatches,31387,,,New with box and papers,,,,,,US,Does not apply,,
3.57056E+11,CASIO G-SHOCK GA-010-1AJF Biomass Black Long Life Battery Men's Watch,,,1,FIXED_PRICE,USD,193.98,,,193.98,0,,,Jun-07-25 23:24:25 PDT,Apr-07-26 23:24:25 PDT,Wristwatches,31387,,,New with box and papers,,,,,,US,Does not apply,,
3.5707E+11,CASIO G-SHOCK AWG-M100S-7AJF Solar Radio White Analog-Digital Watch,,,1,FIXED_PRICE,USD,255.98,,,255.98,0,,,Jun-10-25 02:25:50 PDT,Apr-10-26 02:25:50 PDT,Wristwatches,31387,,,New with box and papers,,,,,,US,Does not apply,,
3.5707E+11,CASIO G-SHOCK AWG-M100FP-1A2JR Fire Package '25 Solar Radio Black Watch,,,1,FIXED_PRICE,USD,302.98,,,302.98,0,,,Jun-10-25 02:25:50 PDT,Apr-10-26 02:25:50 PDT,Wristwatches,31387,,,New with box and papers,,,,,,US,Does not apply,,
3.5707E+11,CASIO G-SHOCK AWG-M100-1AJF Solar Radio Black Analog-Digital Watch,,,1,FIXED_PRICE,USD,255.98,,,255.98,0,1,0,Jun-10-25 02:25:50 PDT,Apr-10-26 02:25:50 PDT,Wristwatches,31387,,,New with box and papers,,,,,,US,Does not apply,,
3.5707E+11,CASIO G-SHOCK AWG-M100SB-2AJF Solar Radio Black Blue Men's Watch,,,1,FIXED_PRICE,USD,263.98,,,263.98,0,0,,Jun-10-25 02:25:51 PDT,Apr-10-26 02:25:51 PDT,Wristwatches,31387,,,New with box and papers,,,,,,US,Does not apply,,
3.5707E+11,CASIO G-SHOCK AWG-M100A-1AJF Solar Radio Black Analog-Digital Watch,,,1,FIXED_PRICE,USD,255.98,,,255.98,0,,,Jun-10-25 02:25:51 PDT,Apr-10-26 02:25:51 PDT,Wristwatches,31387,,,New with box and papers,,,,,,US,Does not apply,,
3.57082E+11,Casio G-Shock GMA-S2140RX-7AJR 40th Anniversary Clear Remix Skeleton Japan New,,,1,FIXED_PRICE,USD,199.98,,,199.98,0,0,,Jun-11-25 05:08:35 PDT,Apr-11-26 05:08:35 PDT,Wristwatches,31387,,,New with box and papers,,,,,,US,Does not apply,,
3.57082E+11,CASIO G-SHOCK GA-B2100-3A Solar Bluetooth Green Analog-Digital Watch,,,0,FIXED_PRICE,USD,193.98,,,193.98,0,,,Jun-11-25 05:08:35 PDT,Apr-11-26 05:08:35 PDT,Wristwatches,31387,,,New with box and papers,,,,,,US,Does not apply,,
3.57082E+11,Casio G-Shock GMA-S2100GA-7AJF Mid-Size Ivory Green Women Watch Japan New,,,1,FIXED_PRICE,USD,161.98,,,161.98,0,,,Jun-11-25 05:08:35 PDT,Apr-11-26 05:08:35 PDT,Wristwatches,31387,,,New with box and papers,,,,,,US,Does not apply,,
3.57082E+11,Casio G-Shock GX-56BBR-1JF King of G Tough Solar Black Red Watch Japan New,,,1,FIXED_PRICE,USD,198.98,,,198.98,0,,,Jun-11-25 05:08:35 PDT,Apr-11-26 05:08:35 PDT,Wristwatches,31387,,,New with box and papers,,,,,,US,Does not apply,,
3.57082E+11,Casio G-Shock AWG-M100BC-2AJF Tough Solar Radio Wave Black Blue Watch Japan New,,,1,FIXED_PRICE,USD,254.98,,,254.98,0,,,Jun-11-25 05:08:36 PDT,Apr-11-26 05:08:36 PDT,Wristwatches,31387,,,New with box and papers,,,,,,US,Does not apply,,
3.57082E+11,Casio G-Shock AWG-M100SBB-1AJF Tough Solar Radio Wave All Black Watch Japan New,,,1,FIXED_PRICE,USD,218.98,,,218.98,0,,,Jun-11-25 05:08:35 PDT,Apr-11-26 05:08:35 PDT,Wristwatches,31387,,,New with box and papers,,,,,,US,Does not apply,,
3.57082E+11,Casio G-Shock AWG-M100SBC-1AJF Tough Solar Radio Wave Black Watch Japan New,,,1,FIXED_PRICE,USD,254.98,,,254.98,0,,,Jun-11-25 05:08:36 PDT,Apr-11-26 05:08:36 PDT,Wristwatches,31387,,,New with box and papers,,,,,,US,Does not apply,,
3.57082E+11,Casio G-Shock GMA-S2100WS-7AJF Precious Heart Selection Mid-Size White Japan,,,1,FIXED_PRICE,USD,177.43,,,177.43,0,,,Jun-11-25 05:08:36 PDT,Apr-11-26 05:08:36 PDT,Wristwatches,31387,,,New with box and papers,,,,,,US,Does not apply,,
3.57101E+11,CASIO G-SHOCK GMA-S2100MD-7AJF Mid-Size White Women's Watch,,,1,FIXED_PRICE,USD,191.81,,,191.81,0,,,Jun-13-25 04:57:36 PDT,Apr-13-26 04:57:36 PDT,Wristwatches,31387,,,New with box and papers,,,,,,US,Does not apply,,
3.57101E+11,CASIO G-SHOCK GMA-S2100MD-1AJF Mid-Size Black Analog-Digital Women's Watch,,,1,FIXED_PRICE,USD,226.98,,,226.98,0,,,Jun-13-25 04:57:36 PDT,Apr-13-26 04:57:36 PDT,Wristwatches,31387,,,New with box and papers,,,,,,US,Does not apply,,
3.57101E+11,CASIO G-SHOCK GMA-S2100BA-4AJF Mid-Size Pink Analog-Digital Women's Watch,,,1,FIXED_PRICE,USD,206.98,,,206.98,0,,,Jun-13-25 04:57:36 PDT,Apr-13-26 04:57:36 PDT,Wristwatches,31387,,,New with box and papers,,,,,,US,Does not apply,,
3.57101E+11,CASIO G-SHOCK GXW-56BB-1JF King of G Solar Radio Black Men's Watch,,,0,FIXED_PRICE,USD,285.43,,,285.43,1,2,0,Jun-13-25 04:57:36 PDT,Apr-13-26 04:57:36 PDT,Wristwatches,31387,,,New with box and papers,,,,,,US,Does not apply,,
3.57101E+11,CASIO G-SHOCK GMA-S2100MD-4AJF Mid-Size Pink Beige Analog-Digital Watch,,,1,FIXED_PRICE,USD,194.98,,,194.98,0,,,Jun-13-25 04:57:36 PDT,Apr-13-26 04:57:36 PDT,Wristwatches,31387,,,New with box and papers,,,,,,US,Does not apply,,
3.57101E+11,CASIO G-SHOCK GMA-S2100-1AJF Mid-Size Black Analog-Digital Unisex Watch,,,1,FIXED_PRICE,USD,206.98,,,206.98,0,,,Jun-13-25 04:57:36 PDT,Apr-13-26 04:57:36 PDT,Wristwatches,31387,,,New with box and papers,,,,,,US,Does not apply,,
3.57101E+11,CASIO G-SHOCK GMA-S2100GA-1AJF Mid-Size Black Analog-Digital Watch,,,1,FIXED_PRICE,USD,206.98,,,206.98,0,,,Jun-13-25 04:57:36 PDT,Apr-13-26 04:57:36 PDT,Wristwatches,31387,,,New with box and papers,,,,,,US,Does not apply,,
3.57101E+11,CASIO G-SHOCK GMA-S2100GA-7AJF Mid-Size White Analog-Digital Watch,,,1,FIXED_PRICE,USD,206.98,,,206.98,0,,,Jun-13-25 04:57:36 PDT,Apr-13-26 04:57:36 PDT,Wristwatches,31387,,,New with box and papers,,,,,,US,Does not apply,,
3.5712E+11,CASIO G-SHOCK GD-B500FL-4JF Bluetooth Biomass Orange Digital Watch,,,1,FIXED_PRICE,USD,211.98,,,211.98,0,1,0,Jun-16-25 04:06:04 PDT,Apr-16-26 04:06:04 PDT,Wristwatches,31387,,,New with box and papers,,,,,,US,Does not apply,,
3.5712E+11,CASIO G-SHOCK GD-B500S-8JF Bluetooth Grey Digital Men's Watch Step,,,1,FIXED_PRICE,USD,236.98,,,236.98,0,,,Jun-16-25 04:06:04 PDT,Apr-16-26 04:06:04 PDT,Wristwatches,31387,,,New with box and papers,,,,,,US,Does not apply,,
3.5712E+11,CASIO G-SHOCK GD-B500S-3JF Bluetooth Green Digital Men's Watch Step,,,1,FIXED_PRICE,USD,215.98,,,215.98,0,,,Jun-16-25 04:06:04 PDT,Apr-16-26 04:06:04 PDT,Wristwatches,31387,,,New with box and papers,,,,,,US,Does not apply,,
3.5712E+11,CASIO G-SHOCK G-LIDE GWX-5700CS-1JF Solar Radio Black Men's Watch,,,1,FIXED_PRICE,USD,190.98,,,190.98,1,4,0,Jun-16-25 04:06:04 PDT,Apr-16-26 04:06:04 PDT,Wristwatches,31387,,,New with box and papers,,,,,,US,Does not apply,,
3.5712E+11,CASIO G-SHOCK G-LIDE GWX-5700CS-7JF Solar Radio White Men's Watch,,,1,FIXED_PRICE,USD,232.98,,,232.98,0,0,,Jun-16-25 04:06:04 PDT,Apr-16-26 04:06:04 PDT,Wristwatches,31387,,,New with box and papers,,,,,,US,Does not apply,,
3.5712E+11,CASIO G-SHOCK GD-B500-1JF Bluetooth Black Digital Men's Watch Step,,,1,FIXED_PRICE,USD,206.98,,,206.98,0,,,Jun-16-25 04:06:04 PDT,Apr-16-26 04:06:04 PDT,Wristwatches,31387,,,New with box and papers,,,,,,US,Does not apply,,
3.5712E+11,CASIO G-SHOCK GXW-56-1AJF King of G Solar Radio Black Men's Watch,,,1,FIXED_PRICE,USD,211.98,,,211.98,2,5,0,Jun-16-25 04:06:04 PDT,Apr-16-26 04:06:04 PDT,Wristwatches,31387,,,New with box and papers,,,,,,US,Does not apply,,
3.5712E+11,CASIO G-SHOCK GD-B500-7JF Bluetooth White Digital Men's Watch Step,,,1,FIXED_PRICE,USD,206.98,,,206.98,0,,,Jun-16-25 04:06:04 PDT,Apr-16-26 04:06:04 PDT,Wristwatches,31387,,,New with box and papers,,,,,,US,Does not apply,,
3.5712E+11,CASIO G-SHOCK GD-B500MW-8JF Virtual Mix Grey Digital Watch Bluetooth,,,1,FIXED_PRICE,USD,256.98,,,256.98,0,,,Jun-16-25 04:06:04 PDT,Apr-16-26 04:06:04 PDT,Wristwatches,31387,,,New with box and papers,,,,,,US,Does not apply,,
3.57133E+11,CASIO G-SHOCK GA-110GL-4AJR Lucky Drop Red Analog-Digital Men's Watch,,,0,FIXED_PRICE,USD,241.98,,,241.98,0,,,Jun-18-25 05:27:36 PDT,Apr-18-26 05:27:36 PDT,Wristwatches,31387,,,New with box and papers,,,,,,US,Does not apply,,
3.57133E+11,CASIO G-SHOCK GA-2110ET-8A Gray Analog-Digital Men's Watch Octagon,,,0,FIXED_PRICE,USD,162.58,,,162.58,0,0,,Jun-18-25 05:27:36 PDT,Apr-18-26 05:27:36 PDT,Wristwatches,31387,,,New with box and papers,,,,,,US,Does not apply,,
3.57133E+11,CASIO G-SHOCK DW-9052-2V Basic Digital Blue Men's Watch 200M WR,,,1,FIXED_PRICE,USD,106.26,,,106.26,0,,,Jun-18-25 05:27:36 PDT,Apr-18-26 05:27:36 PDT,Wristwatches,31387,,,New with box and papers,,,,,,US,Does not apply,,
3.57133E+11,CASIO G-SHOCK GA-B2100-2A Solar Bluetooth Blue Analog-Digital Watch,,,1,FIXED_PRICE,USD,184.98,,,184.98,0,2,,Jun-18-25 05:27:36 PDT,Apr-18-26 05:27:36 PDT,Wristwatches,31387,,,New with box and papers,,,,,,US,Does not apply,,
3.57133E+11,CASIO G-SHOCK GW-B5600BC-1BJF Solar Radio Black Digital Men's Watch Bluetooth,,,1,FIXED_PRICE,USD,311.98,,,311.98,0,,,Jun-18-25 05:27:36 PDT,Apr-18-26 05:27:36 PDT,Wristwatches,31387,,,New with box and papers,,,,,,US,Does not apply,,
3.57133E+11,CASIO G-SHOCK GBA-900UU-5A G-SQUAD Military Khaki Smartwatch Bluetooth,,,1,FIXED_PRICE,USD,168,,,168,0,,,Jun-18-25 05:27:36 PDT,Apr-18-26 05:27:36 PDT,Wristwatches,31387,,,New with box and papers,,,,,,US,Does not apply,,
3.57133E+11,CASIO G-SHOCK GAW-100B-1A Solar Radio Black Analog-Digital Men's Watch,,,1,FIXED_PRICE,USD,257.14,,,257.14,0,,,Jun-18-25 05:27:36 PDT,Apr-18-26 05:27:36 PDT,Wristwatches,31387,,,New with box and papers,,,,,,US,Does not apply,,
3.57133E+11,CASIO G-SHOCK GW-B5600HR-1JF Solar Radio Black Digital Men's Watch Bluetooth,,,1,FIXED_PRICE,USD,264.98,,,264.98,0,1,,Jun-18-25 05:27:36 PDT,Apr-18-26 05:27:36 PDT,Wristwatches,31387,,,New with box and papers,,,,,,US,Does not apply,,
3.57133E+11,CASIO G-SHOCK DW-5600UBB-1JF Digital Men's Watch LED Backlight,,,1,FIXED_PRICE,USD,163.98,,,163.98,0,0,,Jun-18-25 05:27:36 PDT,Apr-18-26 05:27:36 PDT,Wristwatches,31387,,,New with box and papers,,,,,,US,Does not apply,,
3.57139E+11,CASIO G-SHOCK GA-110AS-2AJF OASIS Gray Analog-Digital Men's Watch Eco,,,1,FIXED_PRICE,USD,219.98,,,219.98,0,1,,Jun-19-25 04:10:40 PDT,Apr-19-26 04:10:40 PDT,Wristwatches,31387,,,New with box and papers,,,,,,US,Does not apply,,
3.57139E+11,CASIO G-SHOCK GA-110WD-1AJF Black & Brilliant White Analog-Digital Watch,,,1,FIXED_PRICE,USD,219.98,,,219.98,0,,,Jun-19-25 04:10:40 PDT,Apr-19-26 04:10:40 PDT,Wristwatches,31387,,,New with box and papers,,,,,,US,Does not apply,,
3.57139E+11,CASIO G-SHOCK GA-110CD-1A3JF Metallic Dial Black Analog-Digital Watch,,,1,FIXED_PRICE,USD,176.9,,,176.9,0,,,Jun-19-25 04:10:41 PDT,Apr-19-26 04:10:41 PDT,Wristwatches,31387,,,New with box and papers,,,,,,US,Does not apply,,
3.57139E+11,CASIO G-SHOCK GA-110AS-5AJF OASIS Beige Analog-Digital Men's Watch Eco,,,1,FIXED_PRICE,USD,219.98,,,219.98,0,,,Jun-19-25 04:10:40 PDT,Apr-19-26 04:10:40 PDT,Wristwatches,31387,,,New with box and papers,,,,,,US,Does not apply,,
3.57139E+11,CASIO G-SHOCK GA110GW7AJF White Analog-Digital Men's Watch 200M WR,,,1,FIXED_PRICE,USD,198.98,,,198.98,0,0,,Jun-19-25 04:10:41 PDT,Apr-19-26 04:10:41 PDT,Wristwatches,31387,,,New with box and papers,,,,,,US,Does not apply,,
3.57139E+11,CASIO G-SHOCK GA-114RE-1AJR 40th Anniv REMASTER BLACK Analog-Digital Watch,,,1,FIXED_PRICE,USD,278.98,,,278.98,0,,,Jun-19-25 04:10:41 PDT,Apr-19-26 04:10:41 PDT,Wristwatches,31387,,,New with box and papers,,,,,,US,Does not apply,,
3.57139E+11,CASIO G-SHOCK GA-110TU-1A5JF Two Tone Utility Khaki Analog-Digital Watch,,,0,FIXED_PRICE,USD,198.39,,,198.39,0,,,Jun-19-25 04:10:41 PDT,Apr-19-26 04:10:41 PDT,Wristwatches,31387,,,New with box and papers,,,,,,US,Does not apply,,
3.57139E+11,CASIO G-SHOCK GA-110AC-4AJF Red Analog-Digital Men's Watch 200M WR,,,1,FIXED_PRICE,USD,190.98,,,190.98,0,,,Jun-19-25 04:10:41 PDT,Apr-19-26 04:10:41 PDT,Wristwatches,31387,,,New with box and papers,,,,,,US,Does not apply,,
3.57139E+11,CASIO G-SHOCK GA-110HD-8AJF HIDDEN GLOW Gray Analog-Digital Watch,,,0,FIXED_PRICE,USD,206.98,,,206.98,0,,,Jun-19-25 04:10:41 PDT,Apr-19-26 04:10:41 PDT,Wristwatches,31387,,,New with box and papers,,,,,,US,Does not apply,,
3.57151E+11,CASIO G-SHOCK G-5600BG-5JR Tough Solar Eco Beige Digital Men's Watch,,,1,FIXED_PRICE,USD,201.39,,,201.39,0,,,Jun-21-25 01:44:32 PDT,Apr-21-26 01:44:32 PDT,Wristwatches,31387,,,New with box and papers,,,,,,US,Does not apply,,
3.57151E+11,CASIO G-SHOCK GA-110-1BJF Black Analog-Digital Men's Watch 200M WR,,,1,FIXED_PRICE,USD,190.98,,,190.98,0,,,Jun-21-25 01:44:32 PDT,Apr-21-26 01:44:32 PDT,Wristwatches,31387,,,New with box and papers,,,,,,US,Does not apply,,
3.57151E+11,CASIO G-SHOCK DW-5600UBB-1 Black Digital Men's Watch 200M WR,,,1,FIXED_PRICE,USD,134.32,,,134.32,0,,,Jun-21-25 01:44:32 PDT,Apr-21-26 01:44:32 PDT,Wristwatches,31387,,,New with box and papers,,,,,,US,Does not apply,,
3.57151E+11,CASIO G-SHOCK GA-110GB-1AJF Black Gold Analog-Digital Men's Watch,,,1,FIXED_PRICE,USD,228.98,,,228.98,0,,,Jun-21-25 01:44:32 PDT,Apr-21-26 01:44:32 PDT,Wristwatches,31387,,,New with box and papers,,,,,,US,Does not apply,,
3.57151E+11,CASIO G-SHOCK GA-B2100-1A Solar Bluetooth Black Analog-Digital Watch,,,1,FIXED_PRICE,USD,175.16,,,175.16,0,1,,Jun-21-25 01:44:32 PDT,Apr-21-26 01:44:32 PDT,Wristwatches,31387,,,New with box and papers,,,,,,US,Does not apply,,
3.57151E+11,CASIO G-SHOCK GA-110CD-1A9JF Metallic Dial Black Analog-Digital Watch,,,1,FIXED_PRICE,USD,151.86,,,151.86,0,,,Jun-21-25 01:44:32 PDT,Apr-21-26 01:44:32 PDT,Wristwatches,31387,,,New with box and papers,,,,,,US,Does not apply,,
3.57151E+11,CASIO G-SHOCK GW-6900-1JF Solar Radio Black Digital Men's Watch,,,0,FIXED_PRICE,USD,217.98,,,217.98,0,,,Jun-21-25 01:44:32 PDT,Apr-21-26 01:44:32 PDT,Wristwatches,31387,,,New with box and papers,,,,,,US,Does not apply,,
3.57151E+11,CASIO G-SHOCK GW-7900B-1JF Solar Radio Black Digital Men's Watch,,,1,FIXED_PRICE,USD,232.98,,,232.98,0,0,,Jun-21-25 01:44:32 PDT,Apr-21-26 01:44:32 PDT,Wristwatches,31387,,,New with box and papers,,,,,,US,Does not apply,,
3.57151E+11,CASIO G-SHOCK GA-110-1AJF Black Analog-Digital Men's Watch 200M WR,,,1,FIXED_PRICE,USD,190.98,,,190.98,0,,,Jun-21-25 01:44:32 PDT,Apr-21-26 01:44:32 PDT,Wristwatches,31387,,,New with box and papers,,,,,,US,Does not apply,,
3.57151E+11,CASIO G-SHOCK DW-5600RS-8JF Precious Heart Gray Digital Men's Watch,,,1,FIXED_PRICE,USD,187.98,,,187.98,0,0,,Jun-21-25 01:44:32 PDT,Apr-21-26 01:44:32 PDT,Wristwatches,31387,,,New with box and papers,,,,,,US,Does not apply,,
3.57151E+11,CASIO G-SHOCK G-5600UE-1JF Tough Solar Black Digital Men's Watch,,,1,FIXED_PRICE,USD,198.98,,,198.98,0,,,Jun-21-25 01:44:32 PDT,Apr-21-26 01:44:32 PDT,Wristwatches,31387,,,New with box and papers,,,,,,US,Does not apply,,
3.57151E+11,CASIO G-SHOCK GA-B2100-1A1 Solar Bluetooth Matte Black Analog-Digital Watch,,,0,FIXED_PRICE,USD,187.55,,,187.55,0,,,Jun-21-25 01:44:32 PDT,Apr-21-26 01:44:32 PDT,Wristwatches,31387,,,New with box and papers,,,,,,US,Does not apply,,
3.57151E+11,CASIO G-SHOCK DW-5600UE-1 Black Digital Men's Watch 200M WR,,,0,FIXED_PRICE,USD,126.77,,,126.77,0,1,,Jun-21-25 01:44:32 PDT,Apr-21-26 01:44:32 PDT,Wristwatches,31387,,,New with box and papers,,,,,,US,Does not apply,,
3.57151E+11,CASIO G-SHOCK GA-110CD-1A2JF Metallic Dial Black Analog-Digital Watch,,,1,FIXED_PRICE,USD,211.98,,,211.98,0,,,Jun-21-25 01:44:32 PDT,Apr-21-26 01:44:32 PDT,Wristwatches,31387,,,New with box and papers,,,,,,US,Does not apply,,
3.57151E+11,CASIO G-SHOCK G-5600UE-1 Solar Digital Men's Watch 200M WR,,,0,FIXED_PRICE,USD,164.32,,,164.32,0,,,Jun-21-25 01:44:32 PDT,Apr-21-26 01:44:32 PDT,Wristwatches,31387,,,New with box and papers,,,,,,US,Does not apply,,
3.57151E+11,CASIO G-SHOCK GW-7900B-1ER Solar Radio Black Digital Men's Watch,,,1,FIXED_PRICE,USD,210.24,,,210.24,0,1,,Jun-21-25 01:44:32 PDT,Apr-21-26 01:44:32 PDT,Wristwatches,31387,,,New with box and papers,,,,,,US,Does not apply,,
3.57151E+11,CASIO G-SHOCK GA-110RL-1AJF Iconic Styles Black Analog-Digital Watch,,,1,FIXED_PRICE,USD,211.98,,,211.98,0,,,Jun-21-25 01:44:32 PDT,Apr-21-26 01:44:32 PDT,Wristwatches,31387,,,New with box and papers,,,,,,US,Does not apply,,
3.57293E+11,CASIO G-SHOCK G-LIDE GBX-100-1JF Men's Digital Watch Black Bluetooth NEW,,,0,FIXED_PRICE,USD,285.98,,,285.98,1,1,0,Jul-16-25 02:01:38 PDT,Apr-16-26 02:01:38 PDT,Wristwatches,31387,,,New with box and papers,,,,,,US,Does not apply,,
3.57293E+11,CASIO G-SHOCK G-LIDE GBX-100-7JF Men's Digital Watch White Bluetooth NEW,,,1,FIXED_PRICE,USD,285.98,,,285.98,0,,,Jul-16-25 02:01:38 PDT,Apr-16-26 02:01:38 PDT,Wristwatches,31387,,,New with box and papers,,,,,,US,Does not apply,,
3.57293E+11,CASIO G-SHOCK G-LIDE GBX-100S-2JF Men's Digital Watch Blue Eco Resin NEW,,,1,FIXED_PRICE,USD,295.98,,,295.98,0,,,Jul-16-25 02:01:38 PDT,Apr-16-26 02:01:38 PDT,Wristwatches,31387,,,New with box and papers,,,,,,US,Does not apply,,
3.57293E+11,CASIO G-SHOCK G-STEEL GST-W110MS-7AJF Men's Solar Radio Watch White NEW,,,1,FIXED_PRICE,USD,476.98,,,476.98,0,,,Jul-16-25 02:01:38 PDT,Apr-16-26 02:01:38 PDT,Wristwatches,31387,,,New with box and papers,,,,,,US,Does not apply,,
3.57293E+11,CASIO G-SHOCK G-STEEL GST-W110MS-1AJF Men's Solar Radio Watch Black NEW,,,1,FIXED_PRICE,USD,476.98,,,476.98,0,,,Jul-16-25 02:01:38 PDT,Apr-16-26 02:01:38 PDT,Wristwatches,31387,,,New with box and papers,,,,,,US,Does not apply,,
3.57301E+11,CASIO G-SHOCK Tone-on-Tone GA-2100-9A9JF Men's Ana-Digi Watch Yellow NEW,,,1,FIXED_PRICE,USD,182.98,,,182.98,0,1,0,Jul-17-25 06:08:39 PDT,Apr-17-26 06:08:39 PDT,Wristwatches,31387,,,New with box and papers,,,,,,US,Does not apply,,
3.57301E+11,CASIO G-SHOCK Grunge Snow Camo GAE-2100GC-7AJR Men's Watch White NEW Box,,,1,FIXED_PRICE,USD,296.98,,,296.98,0,,,Jul-17-25 06:08:39 PDT,Apr-17-26 06:08:39 PDT,Wristwatches,31387,,,New with box and papers,,,,,,US,Does not apply,,
3.57301E+11,CASIO G-SHOCK Hidden Glow GA-110HDS-7AJF Men's Ana-Digi Watch White NEW,,,0,FIXED_PRICE,USD,209.98,,,209.98,0,,,Jul-17-25 06:08:39 PDT,Apr-17-26 06:08:39 PDT,Wristwatches,31387,,,New with box and papers,,,,,,US,Does not apply,,
3.57301E+11,CASIO G-SHOCK Forgotten Future GA-2100FF-8AJF Men's Ana-Digi Watch Silver NEW,,,1,FIXED_PRICE,USD,215.89,,,215.89,0,0,,Jul-17-25 06:08:39 PDT,Apr-17-26 06:08:39 PDT,Wristwatches,31387,,,New with box and papers,,,,,,US,Does not apply,,
3.57308E+11,CASIO G-SHOCK Precious Heart GA-2100WS-7AJF Men's Ana-Digi Watch White NEW,,,0,FIXED_PRICE,USD,145.16,,,145.16,0,2,,Jul-18-25 05:00:48 PDT,Apr-18-26 05:00:48 PDT,Wristwatches,31387,,,New with box and papers,,,,,,US,Does not apply,,
3.57308E+11,CASIO G-SHOCK GA-2100AH-6AJF Men's Ana-Digi Watch Purple NEW Rare Color,,,1,FIXED_PRICE,USD,169.98,,,169.98,0,3,0,Jul-18-25 05:00:48 PDT,Apr-18-26 05:00:48 PDT,Wristwatches,31387,,,New with box and papers,,,,,,US,Does not apply,,
3.57308E+11,CASIO G-SHOCK Flame Inside GA-2100FL-1AJF Men's Ana-Digi Watch Black NEW,,,0,FIXED_PRICE,USD,205.98,,,205.98,0,,,Jul-18-25 05:00:48 PDT,Apr-18-26 05:00:48 PDT,Wristwatches,31387,,,New with box and papers,,,,,,US,Does not apply,,
3.57308E+11,CASIO G-SHOCK Beach Time Lapse GA-2100TL-7AJF Men's Ana-Digi Watch White NEW,,,1,FIXED_PRICE,USD,191.98,,,191.98,0,,,Jul-18-25 05:00:48 PDT,Apr-18-26 05:00:48 PDT,Wristwatches,31387,,,New with box and papers,,,,,,US,Does not apply,,
3.57308E+11,CASIO G-SHOCK Togenkyo GA-2110SL-4A4JR Men's Ana-Digi Watch Pink NEW JP,,,1,FIXED_PRICE,USD,216.48,,,216.48,0,,,Jul-18-25 05:00:48 PDT,Apr-18-26 05:00:48 PDT,Wristwatches,31387,,,New with box and papers,,,,,,US,Does not apply,,
3.57314E+11,CASIO G-SHOCK Flame Inside GA-2100FL-8AJF Men's Ana-Digi Watch Gray NEW,,,1,FIXED_PRICE,USD,205.98,,,205.98,0,,,Jul-19-25 05:23:16 PDT,Apr-19-26 05:23:16 PDT,Wristwatches,31387,,,New with box and papers,,,,,,US,Does not apply,,
3.57314E+11,CASIO G-SHOCK Oasis GA-2100AS-5AJF Men's Eco Resin Ana-Digi Watch Beige NEW,,,1,FIXED_PRICE,USD,196.98,,,196.98,0,,,Jul-19-25 05:23:16 PDT,Apr-19-26 05:23:16 PDT,Wristwatches,31387,,,New with box and papers,,,,,,US,Does not apply,,
3.57314E+11,CASIO G-SHOCK GA-2100NNJ-8AJR Men's Analog-Digital Watch Gray NEW JP Model,,,0,FIXED_PRICE,USD,201.29,,,201.29,0,1,,Jul-19-25 05:23:16 PDT,Apr-19-26 05:23:16 PDT,Wristwatches,31387,,,New with box and papers,,,,,,US,Does not apply,,
3.57314E+11,CASIO G-SHOCK Oasis GA-2100AS-2AJF Men's Eco Resin Ana-Digi Watch Gray NEW,,,1,FIXED_PRICE,USD,191.81,,,191.81,0,,,Jul-19-25 05:23:17 PDT,Apr-19-26 05:23:17 PDT,Wristwatches,31387,,,New with box and papers,,,,,,US,Does not apply,,
3.57314E+11,CASIO G-SHOCK Tone-on-Tone GA-2100-2A2JF Men's Ana-Digi Watch Turquoise NEW,,,0,FIXED_PRICE,USD,189.68,,,189.68,0,,,Jul-19-25 05:23:17 PDT,Apr-19-26 05:23:17 PDT,Wristwatches,31387,,,New with box and papers,,,,,,US,Does not apply,,
3.57321E+11,CASIO G-SHOCK Bright Metallic GA-2100BM-7A2JF Men's Clear Ana-Digi Watch NEW,,,0,FIXED_PRICE,USD,175.67,,,175.67,0,,,Jul-20-25 06:09:13 PDT,Apr-20-26 06:09:13 PDT,Wristwatches,31387,,,New with box and papers,,,,,,US,Does not apply,,
3.57321E+11,CASIO G-SHOCK Camo GAE-2100WE-3AJR Men's Multi-Color Watch NEW Box Set,,,1,FIXED_PRICE,USD,287.98,,,287.98,0,,,Jul-20-25 06:09:13 PDT,Apr-20-26 06:09:13 PDT,Wristwatches,31387,,,New with box and papers,,,,,,US,Does not apply,,
3.57321E+11,CASIO G-SHOCK Bright Metallic GA-2100BM-7A8JF Men's Clear Ana-Digi Watch NEW,,,1,FIXED_PRICE,USD,191.81,,,191.81,0,1,,Jul-20-25 06:09:13 PDT,Apr-20-26 06:09:13 PDT,Wristwatches,31387,,,New with box and papers,,,,,,US,Does not apply,,
3.57321E+11,CASIO G-SHOCK 40th Anniv Clear Remix GA-2140RX-7AJR Men's Watch Clear NEW,,,1,FIXED_PRICE,USD,252.98,,,252.98,0,,,Jul-20-25 06:09:13 PDT,Apr-20-26 06:09:13 PDT,Wristwatches,31387,,,New with box and papers,,,,,,US,Does not apply,,
3.57321E+11,CASIO G-SHOCK Bright Metallic GA-2100BM-7A5JF Men's Clear Ana-Digi Watch NEW,,,1,FIXED_PRICE,USD,191.81,,,191.81,0,0,,Jul-20-25 06:09:13 PDT,Apr-20-26 06:09:13 PDT,Wristwatches,31387,,,New with box and papers,,,,,,US,Does not apply,,
3.57324E+11,CASIO G-SHOCK Togenkyo GA-2110SL-4A7JR Men's Pink Ana-Digi Watch Web Ltd NEW,,,0,FIXED_PRICE,USD,241.98,,,241.98,0,0,,Jul-21-25 03:54:57 PDT,Apr-21-26 03:54:57 PDT,Wristwatches,31387,,,New with box and papers,,,,,,US,Does not apply,,
3.57324E+11,CASIO G-SHOCK Hidden Glow GA-2100HDS-7AJF Men's Eco Resin Watch White NEW,,,1,FIXED_PRICE,USD,188.98,,,188.98,0,,,Jul-21-25 03:54:57 PDT,Apr-21-26 03:54:57 PDT,Wristwatches,31387,,,New with box and papers,,,,,,US,Does not apply,,
3.57324E+11,CASIO G-SHOCK Hidden Glow GA-2100HDS-7A1JF Men's Eco Resin Watch White NEW,,,1,FIXED_PRICE,USD,225.98,,,225.98,0,,,Jul-21-25 03:54:58 PDT,Apr-21-26 03:54:58 PDT,Wristwatches,31387,,,New with box and papers,,,,,,US,Does not apply,,
3.57324E+11,CASIO G-SHOCK 40th Anniv Remaster Black GA-2140RE-1AJR Men's Watch Black NEW,,,0,FIXED_PRICE,USD,226.94,,,226.94,0,,,Jul-21-25 03:54:58 PDT,Apr-21-26 03:54:58 PDT,Wristwatches,31387,,,New with box and papers,,,,,,US,Does not apply,,
3.57324E+11,CASIO G-SHOCK Biomass Plastic GA-2100RW-1AJF Men's Ana-Digi Watch Black NEW,,,1,FIXED_PRICE,USD,226.98,,,226.98,0,,,Jul-21-25 03:54:58 PDT,Apr-21-26 03:54:58 PDT,Wristwatches,31387,,,New with box and papers,,,,,,US,Does not apply,,
3.5733E+11,CASIO G-SHOCK Hidden Glow DW-6900HDS-7JF Men's Digital Watch White NEW JP,,,1,FIXED_PRICE,USD,161.98,,,161.98,0,,,Jul-22-25 01:20:36 PDT,Apr-22-26 01:20:36 PDT,Wristwatches,31387,,,New with box and papers,,,,,,US,Does not apply,,
3.5733E+11,CASIO G-SHOCK Hidden Glow DW-6900HDS-7A1JF Men's Digital Watch White NEW Web,,,1,FIXED_PRICE,USD,192.98,,,192.98,0,,,Jul-22-25 01:20:36 PDT,Apr-22-26 01:20:36 PDT,Wristwatches,31387,,,New with box and papers,,,,,,US,Does not apply,,
3.5733E+11,CASIO G-SHOCK DW-6900NNJ-1JR Men's Digital Watch Black NEW Japanese Model,,,1,FIXED_PRICE,USD,247.98,,,247.98,0,1,0,Jul-22-25 01:20:36 PDT,Apr-22-26 01:20:36 PDT,Wristwatches,31387,,,New with box and papers,,,,,,US,Does not apply,,
3.5733E+11,CASIO G-SHOCK Biomass Plastic GMA-S120VA-7AJF Women's Watch White NEW,,,0,FIXED_PRICE,USD,173.07,,,173.07,0,,,Jul-22-25 01:20:36 PDT,Apr-22-26 01:20:36 PDT,Wristwatches,31387,,,New with box and papers,,,,,,US,Does not apply,,
3.5733E+11,CASIO G-SHOCK GMA-S120SA-7A2JF Women's Eco Resin Ana-Digi Watch White NEW,,,1,FIXED_PRICE,USD,206.98,,,206.98,0,,,Jul-22-25 01:20:37 PDT,Apr-22-26 01:20:37 PDT,Wristwatches,31387,,,New with box and papers,,,,,,US,Does not apply,,
3.57339E+11,CASIO G-SHOCK GMA-S120SA-7A1JF Women's Eco Resin Ana-Digi Watch White NEW,,,1,FIXED_PRICE,USD,206.98,,,206.98,0,,,Jul-23-25 03:59:10 PDT,Apr-23-26 03:59:10 PDT,Wristwatches,31387,,,New with box and papers,,,,,,US,Does not apply,,
3.57339E+11,CASIO G-SHOCK Mid-Size GMA-S120GB-1AJF Women's Ana-Digi Watch Black NEW Web,,,0,FIXED_PRICE,USD,225.98,,,225.98,0,,,Jul-23-25 03:59:10 PDT,Apr-23-26 03:59:10 PDT,Wristwatches,31387,,,New with box and papers,,,,,,US,Does not apply,,
3.57339E+11,CASIO G-SHOCK Energy Pack DW-5600EP-4JF Men's Digital Watch Red NEW JP,,,0,FIXED_PRICE,USD,146.05,,,146.05,0,,,Jul-23-25 03:59:11 PDT,Apr-23-26 03:59:11 PDT,Wristwatches,31387,,,New with box and papers,,,,,,US,Does not apply,,
3.57339E+11,CASIO G-SHOCK Beach Time Lapse DW-5600TL-7JF Men's Digital Watch White NEW,,,1,FIXED_PRICE,USD,143.9,,,143.9,0,,,Jul-23-25 03:59:11 PDT,Apr-23-26 03:59:11 PDT,Wristwatches,31387,,,New with box and papers,,,,,,US,Does not apply,,
3.57346E+11,CASIO G-SHOCK G-LIDE Biomass GLX-S5600-7BJF Women's Digital Watch White NEW,,,1,FIXED_PRICE,USD,182.98,,,182.98,0,,,Jul-24-25 04:36:59 PDT,Apr-24-26 04:36:59 PDT,Wristwatches,31387,,,New with box and papers,,,,,,US,Does not apply,,
3.57346E+11,CASIO G-SHOCK Kelvin Hoefler Powell Peralta DW-5600KH-1JR Men's Black NEW,,,1,FIXED_PRICE,USD,170.81,,,170.81,0,,,Jul-24-25 04:36:59 PDT,Apr-24-26 04:36:59 PDT,Wristwatches,31387,,,New with box and papers,,,,,,US,Does not apply,,
3.57346E+11,CASIO G-SHOCK DW-5600WW-7JF Men's White Digital Watch Eco-Friendly NEW,,,1,FIXED_PRICE,USD,167.98,,,167.98,0,,,Jul-24-25 04:36:59 PDT,Apr-24-26 04:36:59 PDT,Wristwatches,31387,,,New with box and papers,,,,,,US,Does not apply,,
3.57352E+11,CASIO G-SHOCK G-LIDE Mid-Size GLX-S5600-1JF Men's Black Digital Watch NEW,,,1,FIXED_PRICE,USD,182.98,,,182.98,0,,,Jul-25-25 05:05:08 PDT,Apr-25-26 05:05:08 PDT,Wristwatches,31387,,,New with box and papers,,,,,,US,Does not apply,,
3.57364E+11,CASIO G-SHOCK GM-2100G-1A9JF Metal Covered Black Watch,,,1,FIXED_PRICE,USD,361.98,,,361.98,0,,,Jul-27-25 04:41:07 PDT,Apr-27-26 04:41:07 PDT,Wristwatches,31387,,,New with box and papers,,,,,,US,Does not apply,,
3.57364E+11,CASIO G-SHOCK Fine Metallic GM-2100YM-8AJF Metal Covered Silver Watch,,,1,FIXED_PRICE,USD,414.98,,,414.98,0,,,Jul-27-25 04:41:07 PDT,Apr-27-26 04:41:07 PDT,Wristwatches,31387,,,New with box and papers,,,,,,US,Does not apply,,
3.57364E+11,CASIO G-SHOCK Fine Metallic GM-2100YMG-9AJF Metal Covered Gold Watch,,,1,FIXED_PRICE,USD,467.98,,,467.98,0,,,Jul-27-25 04:41:07 PDT,Apr-27-26 04:41:07 PDT,Wristwatches,31387,,,New with box and papers,,,,,,US,Does not apply,,
3.57364E+11,CASIO G-SHOCK GM-2100-1AJF Metal Covered Black Watch,,,1,FIXED_PRICE,USD,318.98,,,318.98,0,,,Jul-27-25 04:41:08 PDT,Apr-27-26 04:41:08 PDT,Wristwatches,31387,,,New with box and papers,,,,,,US,Does not apply,,
3.57364E+11,CASIO G-SHOCK GM-2100N-2AJF Metal Covered Blue Watch,,,1,FIXED_PRICE,USD,340.98,,,340.98,0,,,Jul-27-25 04:41:07 PDT,Apr-27-26 04:41:07 PDT,Wristwatches,31387,,,New with box and papers,,,,,,US,Does not apply,,
3.57371E+11,CASIO G-SHOCK GM-2110D-3AJF Metal Bezel Band Silver Watch,,,1,FIXED_PRICE,USD,540,,,540,0,,,Jul-28-25 05:33:46 PDT,Apr-28-26 05:33:46 PDT,Wristwatches,31387,,,New with box and papers,,,,,,US,Does not apply,,
3.57371E+11,CASIO G-SHOCK GM-2110D-2AJF Metal Bezel Band Silver Watch,,,1,FIXED_PRICE,USD,545.98,,,545.98,0,,,Jul-28-25 05:33:46 PDT,Apr-28-26 05:33:46 PDT,Wristwatches,31387,,,New with box and papers,,,,,,US,Does not apply,,
3.57371E+11,CASIO G-SHOCK GM-2110D-7AJF Metal Bezel Band Silver Watch,,,1,FIXED_PRICE,USD,487.74,,,487.74,0,,,Jul-28-25 05:33:46 PDT,Apr-28-26 05:33:46 PDT,Wristwatches,31387,,,New with box and papers,,,,,,US,Does not apply,,
3.57371E+11,CASIO G-SHOCK GM-2100BB-1AJF Metal Covered Black Watch,,,1,FIXED_PRICE,USD,340.98,,,340.98,0,,,Jul-28-25 05:33:46 PDT,Apr-28-26 05:33:46 PDT,Wristwatches,31387,,,New with box and papers,,,,,,US,Does not apply,,
3.57371E+11,CASIO G-SHOCK GM-2110D-2BJF Metal Bezel Band Silver Watch,,,1,FIXED_PRICE,USD,545.98,,,545.98,0,0,,Jul-28-25 05:33:46 PDT,Apr-28-26 05:33:46 PDT,Wristwatches,31387,,,New with box and papers,,,,,,US,Does not apply,,
3.57386E+11,CASIO G-SHOCK GRUNGE CAMOUFLAGE GM-2100GC-1AJF Metal Covered Black,,,0,FIXED_PRICE,USD,339.64,,,339.64,0,1,,Jul-31-25 03:37:44 PDT,Apr-30-26 03:37:44 PDT,Wristwatches,31387,,,New with box and papers,,,,,,US,Does not apply,,
3.57386E+11,CASIO G-SHOCK GM-2100CB-1AJF Web Limited Metal Covered Black Watch,,,1,FIXED_PRICE,USD,312.49,,,312.49,0,,,Jul-31-25 03:37:44 PDT,Apr-30-26 03:37:44 PDT,Wristwatches,31387,,,New with box and papers,,,,,,US,Does not apply,,
3.57386E+11,CASIO G-SHOCK GM-2110D-4AJF Metal Bezel Band Silver Watch,,,1,FIXED_PRICE,USD,487.74,,,487.74,0,,,Jul-31-25 03:37:44 PDT,Apr-30-26 03:37:44 PDT,Wristwatches,31387,,,New with box and papers,,,,,,US,Does not apply,,
3.57386E+11,CASIO G-SHOCK GM-2100CB-3AJF Web Limited Metal Covered Green Watch,,,1,FIXED_PRICE,USD,386.98,,,386.98,0,,,Jul-31-25 03:37:45 PDT,Apr-30-26 03:37:45 PDT,Wristwatches,31387,,,New with box and papers,,,,,,US,Does not apply,,
3.57431E+11,CASIO G-SHOCK GM-6900-1 Silver Metal Bezel Digital Watch Black Band 2020 Release,,,0,FIXED_PRICE,USD,171.98,,,171.98,0,,,Aug-08-25 12:51:58 PDT,Apr-08-26 12:51:58 PDT,Wristwatches,31387,,,Pre-owned - Good,,,,,,US,Does not apply,,
3.57431E+11,CASIO G-SHOCK DW-6900SP-7 Skeleton 25th Anniv. Multi-Color Digital Watch 2020,,,0,FIXED_PRICE,USD,171.98,,,171.98,0,0,,Aug-08-25 13:10:01 PDT,Apr-08-26 13:10:01 PDT,Wristwatches,31387,,,Pre-owned - Good,,,,,,US,Does not apply,,
3.57434E+11,CASIO G-SHOCK GM-6900SCM-1 Camo Metal Bezel Skeleton Band Digital Watch 2020,,,0,FIXED_PRICE,USD,171.98,,,171.98,0,,,Aug-09-25 01:19:56 PDT,Apr-09-26 01:19:56 PDT,Wristwatches,31387,,,Pre-owned - Good,,,,,,US,Does not apply,,
3.57434E+11,CASIO G-SHOCK GMA-S110Y-9A Sporty Color 90s Yellow Gray Mid Size Analog Digital,,,0,FIXED_PRICE,USD,171.98,,,171.98,0,,,Aug-09-25 01:32:13 PDT,Apr-09-26 01:32:13 PDT,Wristwatches,31387,,,Pre-owned - Good,,,,,,US,Does not apply,,
3.58237E+11,Casio G-Shock GM-5600LC-7JF Precious Heart Selection White Silver Men's Watch,,,1,FIXED_PRICE,USD,201.29,,,201.29,0,1,0,Feb-19-26 22:27:44 PST,Apr-19-26 22:27:44 PDT,Wristwatches,31387,,,New with box and papers,,,,,,US,Does not apply,,
3.58237E+11,Casio G-Shock GM-5600UB-1JF Metal Covered Full Black Men's Watch Japan Official,,,1,FIXED_PRICE,USD,258.98,,,258.98,0,,,Feb-19-26 22:41:45 PST,Apr-19-26 22:41:45 PDT,Wristwatches,31387,,,New with box and papers,,,,,,US,Does not apply,,
3.58237E+11,Casio G-Shock GM-5600U-1JF Metal Covered Black Silver Men's Watch Japan Official,,,1,FIXED_PRICE,USD,258.98,,,258.98,0,0,0,Feb-19-26 23:00:32 PST,Apr-19-26 23:00:32 PDT,Wristwatches,31387,,,New with box and papers,,,,,,US,Does not apply,,
3.58238E+11,Casio G-Shock GM-5600SG-9JF Metal Cover Clear Gold Limited Color Men's Watch,,,1,FIXED_PRICE,USD,238.98,,,238.98,0,,,Feb-19-26 23:36:39 PST,Apr-19-26 23:36:39 PDT,Wristwatches,31387,,,New with box and papers,,,,,,US,Does not apply,,
3.58238E+11,Casio G-Shock GW-6905K-7AJR ICERC Japan Collab Love Sea Earth Solar White Blue,,,0,FIXED_PRICE,USD,329.99,,,329.99,0,,,Feb-20-26 00:49:00 PST,Apr-20-26 00:49:00 PDT,Wristwatches,31387,,,New with box and papers,,,,,,US,Does not apply,,
3.58276E+11,Casio G-SHOCK GM-5600GC-1JF Metal Cover Grunge Camouflage Japan Official Black,,,1,FIXED_PRICE,USD,258.98,,,258.98,0,,,Mar-02-26 00:48:49 PST,May-02-26 00:48:49 PDT,Wristwatches,31387,,,New with box and papers,,,,,,US,Does not apply,,
3.58277E+11,Casio G-SHOCK GM-5600YMG-9JF Fine Metallic Series Japan Official Men's Gold,,,1,FIXED_PRICE,USD,312.98,,,312.98,0,1,0,Mar-02-26 01:20:50 PST,May-02-26 01:20:50 PDT,Wristwatches,31387,,,New with box and papers,,,,,,US,Does not apply,,
3.58277E+11,Casio G-SHOCK GM-5600RW-1JF Metal Cover Bio-based Plastic Japan Official Black,,,1,FIXED_PRICE,USD,258.98,,,258.98,0,2,0,Mar-02-26 01:30:15 PST,May-02-26 01:30:15 PDT,Wristwatches,31387,,,New with box and papers,,,,,,US,Does not apply,,
3.58277E+11,Casio G-SHOCK DW-6900NNJ-1JR Ninja Made in Japan Special Color Men's Black,,,1,FIXED_PRICE,USD,208.98,,,208.98,0,1,0,Mar-02-26 01:42:10 PST,May-02-26 01:42:10 PDT,Wristwatches,31387,,,New with box and papers,,,,,,US,Does not apply,,
3.58277E+11,Casio G-SHOCK DW-5600RGM-1JR Origami Made in Japan Eco Material Men's Black,,,1,FIXED_PRICE,USD,198.98,,,198.98,0,1,0,Mar-02-26 01:49:08 PST,May-02-26 01:49:08 PDT,Wristwatches,31387,,,New with box and papers,,,,,,US,Does not apply,,
3.58293E+11,Casio G-SHOCK GA-2100CM-8AJF Camouflage Analog Digital Watch Japan New 2026,,,1,FIXED_PRICE,USD,178,,,178,0,,,Mar-06-26 00:55:10 PST,May-06-26 00:55:10 PDT,Wristwatches,31387,,,New with box and papers,,,,,,US,,,
3.5834E+11,CASIO G-SHOCK GA-1100-1A3 GRAVITYMASTER Twin Sensor Black Green Watch Japan,,template,1,FIXED_PRICE,USD,179.98,,,179.98,0,,,Mar-16-26 15:30:02 PDT,Apr-16-26 15:30:02 PDT,Wristwatches,31387,,,Pre-owned - Good,,,,,,US,Does not apply,,
3.58363E+11,CASIO G-SHOCK DW-6900RRB-4JF DW6900 Red Shock Resist 200M Watch Japan New,,,0,FIXED_PRICE,USD,161.98,,,161.98,0,,,Mar-22-26 16:08:34 PDT,Apr-22-26 16:08:34 PDT,Wristwatches,31387,,,New with box and papers,,,,,,US,,,
3.58363E+11,CASIO G-SHOCK GM-6900YRA-8JF GM6900 Silver Metal Bezel 200M Watch Japan New,,,1,FIXED_PRICE,USD,346.98,,,346.98,0,,,Mar-22-26 16:35:28 PDT,Apr-22-26 16:35:28 PDT,Wristwatches,31387,,,New with box and papers,,,,,,US,,,
3.58369E+11,Casio G-Shock GX-56UBB-1JF Black Tough Solar 20ATM Digital Watch Japan New,,,1,FIXED_PRICE,USD,223.98,,,223.98,0,0,0,Mar-24-26 03:55:54 PDT,Apr-24-26 03:55:54 PDT,Wristwatches,31387,,,New with box and papers,,,,,,US,,,
3.58375E+11,Casio G-Shock DW-5000R-1AJF 5000 Series Digital Black Watch Japan Original New,,,1,FIXED_PRICE,USD,280.98,,,280.98,0,1,0,Mar-25-26 18:50:18 PDT,Apr-25-26 18:50:18 PDT,Wristwatches,31387,,,New with box and papers,,,,,,US,,,
3.58376E+11,Casio G-Shock DW-5600MNC-1JF New Cloth Band FIDLOCK Digital Black Watch Japan,,,1,FIXED_PRICE,USD,217.98,,,217.98,0,,,Mar-26-26 01:15:04 PDT,Apr-26-26 01:15:04 PDT,Wristwatches,31387,,,New with box and papers,,,,,,US,,,
3.58376E+11,Casio G-Shock DW-5600MNC-8A2JF New Cloth Band FIDLOCK Digital Watch Japan New,,,1,FIXED_PRICE,USD,217.98,,,217.98,0,,,Mar-26-26 01:21:37 PDT,Apr-26-26 01:21:37 PDT,Wristwatches,31387,,,New with box and papers,,,,,,US,,,
3.58376E+11,Casio G-Shock GM-H5600-1JR G-SQUAD Solar Heart Rate MIP Digital Watch Japan New,,,1,FIXED_PRICE,USD,491.98,,,491.98,0,,,Mar-26-26 01:31:16 PDT,Apr-26-26 01:31:16 PDT,Wristwatches,31387,,,New with box and papers,,,,,,US,,,
3.58376E+11,Casio G-Shock DW-H5600MB-8A9JR G-SQUAD Solar Heart Rate Digital Watch Japan New,,,1,FIXED_PRICE,USD,472.98,,,472.98,0,,,Mar-26-26 01:48:02 PDT,Apr-26-26 01:48:02 PDT,Wristwatches,31387,,,New with box and papers,,,,,,US,,,
3.58377E+11,Casio G-Shock GM-H5600-9JR G-SQUAD Solar Heart Rate Digital Watch Japan New,,,1,FIXED_PRICE,USD,472.98,,,472.98,0,,,Mar-26-26 02:16:51 PDT,Apr-26-26 02:16:51 PDT,Wristwatches,31387,,,New with box and papers,,,,,,US,,,
3.58377E+11,Casio G-Shock DW-5600MNC-7A8JF New Cloth Band FIDLOCK Digital Watch Japan New,,,1,FIXED_PRICE,USD,217.98,,,217.98,0,,,Mar-26-26 02:27:04 PDT,Apr-26-26 02:27:04 PDT,Wristwatches,31387,,,New with box and papers,,,,,,US,,,
3.5841E+11,Casio G-Shock GX-56MF-1JF King of G Tough Solar Multi Fluorescent Black Japan,,,1,FIXED_PRICE,USD,243.98,,,243.98,0,,,Apr-04-26 02:23:21 PDT,May-04-26 02:23:21 PDT,Wristwatches,31387,,,New with box and papers,,,,,,US,Does not apply,,
