シリーズ,モデル番号,フラグ,CASIO希望価格(JPY),CASIO URL,eBay競合検索
DW-6900,DW-6900AKA-4JR,-,,https://www.casio.com/jp/watches/gshock/product.DW-6900AKA-4JR/,https://www.ebay.com/sch/i.html?_nkw=DW+6900AKA+4JR&_sop=12
DW-6900,DW-6900JV-1JR,-,,https://www.casio.com/jp/watches/gshock/product.DW-6900JV-1JR/,https://www.ebay.com/sch/i.html?_nkw=DW+6900JV+1JR&_sop=12
DW-6900,DW-6900HH-5JR,-,,https://www.casio.com/jp/watches/gshock/product.DW-6900HH-5JR/,https://www.ebay.com/sch/i.html?_nkw=DW+6900HH+5JR&_sop=12
DW-6900,DW-6900RGM-5JR,-,,https://www.casio.com/jp/watches/gshock/product.DW-6900RGM-5JR/,https://www.ebay.com/sch/i.html?_nkw=DW+6900RGM+5JR&_sop=12
DW-6900,DW-6900RCS-4JF,-,,https://www.casio.com/jp/watches/gshock/product.DW-6900RCS-4JF/,https://www.ebay.com/sch/i.html?_nkw=DW+6900RCS+4JF&_sop=12
DW-6900,LH-200,-,,https://www.casio.com/jp/watches/gshock/product.LH-200/,https://www.ebay.com/sch/i.html?_nkw=LH+200&_sop=12
DW-6900,DW-6900AKA-4,NEW,22000,https://www.casio.com/jp/watches/gshock/product.DW-6900AKA-4/,https://www.ebay.com/sch/i.html?_nkw=DW+6900AKA+4&_sop=12
DW-6900,DW-6900JV-1,NEW/限定,21450,https://www.casio.com/jp/watches/gshock/product.DW-6900JV-1/,https://www.ebay.com/sch/i.html?_nkw=DW+6900JV+1&_sop=12
DW-6900,DW-6900HH-5,限定,19800,https://www.casio.com/jp/watches/gshock/product.DW-6900HH-5/,https://www.ebay.com/sch/i.html?_nkw=DW+6900HH+5&_sop=12
DW-6900,GW-6900U-1,限定,24200,https://www.casio.com/jp/watches/gshock/product.GW-6900U-1/,https://www.ebay.com/sch/i.html?_nkw=GW+6900U+1&_sop=12
DW-6900,DW-6900RGM-5,-,19800,https://www.casio.com/jp/watches/gshock/product.DW-6900RGM-5/,https://www.ebay.com/sch/i.html?_nkw=DW+6900RGM+5&_sop=12
DW-6900,DW-6900RCS-4,限定,15400,https://www.casio.com/jp/watches/gshock/product.DW-6900RCS-4/,https://www.ebay.com/sch/i.html?_nkw=DW+6900RCS+4&_sop=12
DW-6900,GM-6900U-1,-,27500,https://www.casio.com/jp/watches/gshock/product.GM-6900U-1/,https://www.ebay.com/sch/i.html?_nkw=GM+6900U+1&_sop=12
DW-6900,GD-X6900FB-7,-,16500,https://www.casio.com/jp/watches/gshock/product.GD-X6900FB-7/,https://www.ebay.com/sch/i.html?_nkw=GD+X6900FB+7&_sop=12
DW-5600,DW-5600AKA-4JR,-,,https://www.casio.com/jp/watches/gshock/product.DW-5600AKA-4JR/,https://www.ebay.com/sch/i.html?_nkw=DW+5600AKA+4JR&_sop=12
DW-5600,DW-5600JV-7JR,-,,https://www.casio.com/jp/watches/gshock/product.DW-5600JV-7JR/,https://www.ebay.com/sch/i.html?_nkw=DW+5600JV+7JR&_sop=12
DW-5600,DW-5600KHFM25-1JR,-,,https://www.casio.com/jp/watches/gshock/product.DW-5600KHFM25-1JR/,https://www.ebay.com/sch/i.html?_nkw=DW+5600KHFM25+1JR&_sop=12
DW-5600,DW-5600KHSH25-1JR,-,,https://www.casio.com/jp/watches/gshock/product.DW-5600KHSH25-1JR/,https://www.ebay.com/sch/i.html?_nkw=DW+5600KHSH25+1JR&_sop=12
DW-5600,DW-5600RRB-4JF,-,,https://www.casio.com/jp/watches/gshock/product.DW-5600RRB-4JF/,https://www.ebay.com/sch/i.html?_nkw=DW+5600RRB+4JF&_sop=12
DW-5600,DW-5600STT-1JR,-,,https://www.casio.com/jp/watches/gshock/product.DW-5600STT-1JR/,https://www.ebay.com/sch/i.html?_nkw=DW+5600STT+1JR&_sop=12
DW-5600,DW-5600BBR-1JF,-,,https://www.casio.com/jp/watches/gshock/product.DW-5600BBR-1JF/,https://www.ebay.com/sch/i.html?_nkw=DW+5600BBR+1JF&_sop=12
DW-5600,DW-5600RL-1JF,-,,https://www.casio.com/jp/watches/gshock/product.DW-5600RL-1JF/,https://www.ebay.com/sch/i.html?_nkw=DW+5600RL+1JF&_sop=12
DW-5600,DW-5600PK-1JR,-,,https://www.casio.com/jp/watches/gshock/product.DW-5600PK-1JR/,https://www.ebay.com/sch/i.html?_nkw=DW+5600PK+1JR&_sop=12
DW-5600,DW-5600KT24-1JR,-,,https://www.casio.com/jp/watches/gshock/product.DW-5600KT24-1JR/,https://www.ebay.com/sch/i.html?_nkw=DW+5600KT24+1JR&_sop=12
DW-5600,DW-5600RW-1JF,-,,https://www.casio.com/jp/watches/gshock/product.DW-5600RW-1JF/,https://www.ebay.com/sch/i.html?_nkw=DW+5600RW+1JF&_sop=12
DW-5600,DW-5600BCE-1JF,-,,https://www.casio.com/jp/watches/gshock/product.DW-5600BCE-1JF/,https://www.ebay.com/sch/i.html?_nkw=DW+5600BCE+1JF&_sop=12
DW-5600,DW-5600UHR-1JF,-,,https://www.casio.com/jp/watches/gshock/product.DW-5600UHR-1JF/,https://www.ebay.com/sch/i.html?_nkw=DW+5600UHR+1JF&_sop=12
DW-5600,DW-5600USKE-7JF,-,,https://www.casio.com/jp/watches/gshock/product.DW-5600USKE-7JF/,https://www.ebay.com/sch/i.html?_nkw=DW+5600USKE+7JF&_sop=12
DW-5600,DW-5600SB23-1JR,-,,https://www.casio.com/jp/watches/gshock/product.DW-5600SB23-1JR/,https://www.ebay.com/sch/i.html?_nkw=DW+5600SB23+1JR&_sop=12
DW-5600,DW-5600SR-1JF,-,,https://www.casio.com/jp/watches/gshock/product.DW-5600SR-1JF/,https://www.ebay.com/sch/i.html?_nkw=DW+5600SR+1JF&_sop=12
DW-5600,GD-X6900FB-7,-,16500,https://www.casio.com/jp/watches/gshock/product.GD-X6900FB-7/,https://www.ebay.com/sch/i.html?_nkw=GD+X6900FB+7&_sop=12
DW-5600,GM-6900U-1,-,27500,https://www.casio.com/jp/watches/gshock/product.GM-6900U-1/,https://www.ebay.com/sch/i.html?_nkw=GM+6900U+1&_sop=12
DW-5600,DW-6900RCS-4,限定,15400,https://www.casio.com/jp/watches/gshock/product.DW-6900RCS-4/,https://www.ebay.com/sch/i.html?_nkw=DW+6900RCS+4&_sop=12
DW-5600,DW-6900RGM-5,-,19800,https://www.casio.com/jp/watches/gshock/product.DW-6900RGM-5/,https://www.ebay.com/sch/i.html?_nkw=DW+6900RGM+5&_sop=12
DW-5600,GW-6900U-1,限定,24200,https://www.casio.com/jp/watches/gshock/product.GW-6900U-1/,https://www.ebay.com/sch/i.html?_nkw=GW+6900U+1&_sop=12
DW-5600,DW-6900HH-5,限定,19800,https://www.casio.com/jp/watches/gshock/product.DW-6900HH-5/,https://www.ebay.com/sch/i.html?_nkw=DW+6900HH+5&_sop=12
DW-5600,DW-6900JV-1,NEW/限定,21450,https://www.casio.com/jp/watches/gshock/product.DW-6900JV-1/,https://www.ebay.com/sch/i.html?_nkw=DW+6900JV+1&_sop=12
DW-5600,DW-6900AKA-4,NEW/限定,22000,https://www.casio.com/jp/watches/gshock/product.DW-6900AKA-4/,https://www.ebay.com/sch/i.html?_nkw=DW+6900AKA+4&_sop=12
DW-5600,LH-200,-,,https://www.casio.com/jp/watches/gshock/product.LH-200/,https://www.ebay.com/sch/i.html?_nkw=LH+200&_sop=12
DW-5600,DW-5600AKA-4,NEW,22000,https://www.casio.com/jp/watches/gshock/product.DW-5600AKA-4/,https://www.ebay.com/sch/i.html?_nkw=DW+5600AKA+4&_sop=12
DW-5600,DW-5600JV-7,NEW/限定,21450,https://www.casio.com/jp/watches/gshock/product.DW-5600JV-7/,https://www.ebay.com/sch/i.html?_nkw=DW+5600JV+7&_sop=12
DW-5600,GM-5600YRA-8,-,37400,https://www.casio.com/jp/watches/gshock/product.GM-5600YRA-8/,https://www.ebay.com/sch/i.html?_nkw=GM+5600YRA+8&_sop=12
DW-5600,DW-5600KHFM25-1,-,18700,https://www.casio.com/jp/watches/gshock/product.DW-5600KHFM25-1/,https://www.ebay.com/sch/i.html?_nkw=DW+5600KHFM25+1&_sop=12
DW-5600,DW-5600KHSH25-1,-,18700,https://www.casio.com/jp/watches/gshock/product.DW-5600KHSH25-1/,https://www.ebay.com/sch/i.html?_nkw=DW+5600KHSH25+1&_sop=12
DW-5600,DW-5600RRB-4,-,14850,https://www.casio.com/jp/watches/gshock/product.DW-5600RRB-4/,https://www.ebay.com/sch/i.html?_nkw=DW+5600RRB+4&_sop=12
DW-5600,DW-5600STT-1,限定,19800,https://www.casio.com/jp/watches/gshock/product.DW-5600STT-1/,https://www.ebay.com/sch/i.html?_nkw=DW+5600STT+1&_sop=12
DW-5600,GM-5600BWD-1,限定,38500,https://www.casio.com/jp/watches/gshock/product.GM-5600BWD-1/,https://www.ebay.com/sch/i.html?_nkw=GM+5600BWD+1&_sop=12
DW-5600,GM-5600BM-1,-,33000,https://www.casio.com/jp/watches/gshock/product.GM-5600BM-1/,https://www.ebay.com/sch/i.html?_nkw=GM+5600BM+1&_sop=12
DW-5600,GM-5600M-1,-,29700,https://www.casio.com/jp/watches/gshock/product.GM-5600M-1/,https://www.ebay.com/sch/i.html?_nkw=GM+5600M+1&_sop=12
DW-5600,GMW-B5000BT-1,-,88000,https://www.casio.com/jp/watches/gshock/product.GMW-B5000BT-1/,https://www.ebay.com/sch/i.html?_nkw=GMW+B5000BT+1&_sop=12
DW-5600,GMW-B5000D-1C,-,84700,https://www.casio.com/jp/watches/gshock/product.GMW-B5000D-1C/,https://www.ebay.com/sch/i.html?_nkw=GMW+B5000D+1C&_sop=12
DW-5600,G-5600SFJ-9,限定,20900,https://www.casio.com/jp/watches/gshock/product.G-5600SFJ-9/,https://www.ebay.com/sch/i.html?_nkw=G+5600SFJ+9&_sop=12
DW-5600,DW-5600BBR-1,-,14300,https://www.casio.com/jp/watches/gshock/product.DW-5600BBR-1/,https://www.ebay.com/sch/i.html?_nkw=DW+5600BBR+1&_sop=12
DW-5600,DWE-5600UD-1,限定,33000,https://www.casio.com/jp/watches/gshock/product.DWE-5600UD-1/,https://www.ebay.com/sch/i.html?_nkw=DWE+5600UD+1&_sop=12
DW-5600,G-5600BG-5,-,20900,https://www.casio.com/jp/watches/gshock/product.G-5600BG-5/,https://www.ebay.com/sch/i.html?_nkw=G+5600BG+5&_sop=12
DW-5600,GW-5000HS-1,-,46200,https://www.casio.com/jp/watches/gshock/product.GW-5000HS-1/,https://www.ebay.com/sch/i.html?_nkw=GW+5000HS+1&_sop=12
DW-5600,GW-5000HS-7,-,46200,https://www.casio.com/jp/watches/gshock/product.GW-5000HS-7/,https://www.ebay.com/sch/i.html?_nkw=GW+5000HS+7&_sop=12
DW-5600,DWE-5600JB-1A9,限定,28600,https://www.casio.com/jp/watches/gshock/product.DWE-5600JB-1A9/,https://www.ebay.com/sch/i.html?_nkw=DWE+5600JB+1A9&_sop=12
DW-5600,GM-5600YM-8,-,37400,https://www.casio.com/jp/watches/gshock/product.GM-5600YM-8/,https://www.ebay.com/sch/i.html?_nkw=GM+5600YM+8&_sop=12
DW-5600,DW-5600RL-1,-,14300,https://www.casio.com/jp/watches/gshock/product.DW-5600RL-1/,https://www.ebay.com/sch/i.html?_nkw=DW+5600RL+1&_sop=12
DW-5600,DW-5610UU-3,-,15400,https://www.casio.com/jp/watches/gshock/product.DW-5610UU-3/,https://www.ebay.com/sch/i.html?_nkw=DW+5610UU+3&_sop=12
DW-5600,DW-5610UU-8,-,15400,https://www.casio.com/jp/watches/gshock/product.DW-5610UU-8/,https://www.ebay.com/sch/i.html?_nkw=DW+5610UU+8&_sop=12
DW-5600,DW-5600PK-1,-,15400,https://www.casio.com/jp/watches/gshock/product.DW-5600PK-1/,https://www.ebay.com/sch/i.html?_nkw=DW+5600PK+1&_sop=12
DW-5600,GMW-B5000D-3,-,84700,https://www.casio.com/jp/watches/gshock/product.GMW-B5000D-3/,https://www.ebay.com/sch/i.html?_nkw=GMW+B5000D+3&_sop=12
DW-5600,DW-5600KT24-1,限定,18700,https://www.casio.com/jp/watches/gshock/product.DW-5600KT24-1/,https://www.ebay.com/sch/i.html?_nkw=DW+5600KT24+1&_sop=12
DW-5600,DW-5600RW-1,-,16500,https://www.casio.com/jp/watches/gshock/product.DW-5600RW-1/,https://www.ebay.com/sch/i.html?_nkw=DW+5600RW+1&_sop=12
DW-5600,GMW-B5000D-2,-,84700,https://www.casio.com/jp/watches/gshock/product.GMW-B5000D-2/,https://www.ebay.com/sch/i.html?_nkw=GMW+B5000D+2&_sop=12
DW-5600,GM-S5600UPG-4,NEW,28600,https://www.casio.com/jp/watches/gshock/product.GM-S5600UPG-4/,https://www.ebay.com/sch/i.html?_nkw=GM+S5600UPG+4&_sop=12
DW-5600,DW-5600BCE-1,-,16500,https://www.casio.com/jp/watches/gshock/product.DW-5600BCE-1/,https://www.ebay.com/sch/i.html?_nkw=DW+5600BCE+1&_sop=12
DW-5600,DW-5600UHR-1,-,15400,https://www.casio.com/jp/watches/gshock/product.DW-5600UHR-1/,https://www.ebay.com/sch/i.html?_nkw=DW+5600UHR+1&_sop=12
DW-5600,DW-5600USKE-7,-,15400,https://www.casio.com/jp/watches/gshock/product.DW-5600USKE-7/,https://www.ebay.com/sch/i.html?_nkw=DW+5600USKE+7&_sop=12
DW-5600,MRG-B5000R-1,-,407000,https://www.casio.com/jp/watches/gshock/product.MRG-B5000R-1/,https://www.ebay.com/sch/i.html?_nkw=MRG+B5000R+1&_sop=12
DW-5600,DW-5600SB23-1,限定,19800,https://www.casio.com/jp/watches/gshock/product.DW-5600SB23-1/,https://www.ebay.com/sch/i.html?_nkw=DW+5600SB23+1&_sop=12
DW-5600,GM-S5600U-1,-,26400,https://www.casio.com/jp/watches/gshock/product.GM-S5600U-1/,https://www.ebay.com/sch/i.html?_nkw=GM+S5600U+1&_sop=12
DW-5600,GM-S5600UPG-1,-,28600,https://www.casio.com/jp/watches/gshock/product.GM-S5600UPG-1/,https://www.ebay.com/sch/i.html?_nkw=GM+S5600UPG+1&_sop=12
DW-5600,DW-B5600SF-7,-,,https://www.casio.com/jp/watches/gshock/product.DW-B5600SF-7/,https://www.ebay.com/sch/i.html?_nkw=DW+B5600SF+7&_sop=12
DW-5600,DW-5600SR-1,-,,https://www.casio.com/jp/watches/gshock/product.DW-5600SR-1/,https://www.ebay.com/sch/i.html?_nkw=DW+5600SR+1&_sop=12
DW-5600,MRG-B5000BA-1,-,,https://www.casio.com/jp/watches/gshock/product.MRG-B5000BA-1/,https://www.ebay.com/sch/i.html?_nkw=MRG+B5000BA+1&_sop=12
DW-5600,GMW-B5000MB-1,-,,https://www.casio.com/jp/watches/gshock/product.GMW-B5000MB-1/,https://www.ebay.com/sch/i.html?_nkw=GMW+B5000MB+1&_sop=12
DW-5600,MRG-B5000B-1,-,,https://www.casio.com/jp/watches/gshock/product.MRG-B5000B-1/,https://www.ebay.com/sch/i.html?_nkw=MRG+B5000B+1&_sop=12
DW-5600,MRG-B5000D-1,-,,https://www.casio.com/jp/watches/gshock/product.MRG-B5000D-1/,https://www.ebay.com/sch/i.html?_nkw=MRG+B5000D+1&_sop=12
DW-5600,GW-M5610U-1C,-,,https://www.casio.com/jp/watches/gshock/product.GW-M5610U-1C/,https://www.ebay.com/sch/i.html?_nkw=GW+M5610U+1C&_sop=12
DW-5600,GW-M5610U-2,-,,https://www.casio.com/jp/watches/gshock/product.GW-M5610U-2/,https://www.ebay.com/sch/i.html?_nkw=GW+M5610U+2&_sop=12
DW-5600,GW-5000U-1,-,,https://www.casio.com/jp/watches/gshock/product.GW-5000U-1/,https://www.ebay.com/sch/i.html?_nkw=GW+5000U+1&_sop=12
DW-5600,G-5600UE-1,-,,https://www.casio.com/jp/watches/gshock/product.G-5600UE-1/,https://www.ebay.com/sch/i.html?_nkw=G+5600UE+1&_sop=12
DW-5600,GW-M5610U-1,-,,https://www.casio.com/jp/watches/gshock/product.GW-M5610U-1/,https://www.ebay.com/sch/i.html?_nkw=GW+M5610U+1&_sop=12
DW-5600,GW-M5610U-1B,-,,https://www.casio.com/jp/watches/gshock/product.GW-M5610U-1B/,https://www.ebay.com/sch/i.html?_nkw=GW+M5610U+1B&_sop=12
DW-5600,GW-M5610UBC-1,-,,https://www.casio.com/jp/watches/gshock/product.GW-M5610UBC-1/,https://www.ebay.com/sch/i.html?_nkw=GW+M5610UBC+1&_sop=12
DW-5600,GW-S5600U-1,-,,https://www.casio.com/jp/watches/gshock/product.GW-S5600U-1/,https://www.ebay.com/sch/i.html?_nkw=GW+S5600U+1&_sop=12
DW-5600,GW-B5600HR-1,-,,https://www.casio.com/jp/watches/gshock/product.GW-B5600HR-1/,https://www.ebay.com/sch/i.html?_nkw=GW+B5600HR+1&_sop=12
DW-5600,GW-B5600BC-1B,-,,https://www.casio.com/jp/watches/gshock/product.GW-B5600BC-1B/,https://www.ebay.com/sch/i.html?_nkw=GW+B5600BC+1B&_sop=12
DW-5600,GMW-B5000GD-1,-,,https://www.casio.com/jp/watches/gshock/product.GMW-B5000GD-1/,https://www.ebay.com/sch/i.html?_nkw=GMW+B5000GD+1&_sop=12
DW-5600,GMW-B5000GD-9,-,,https://www.casio.com/jp/watches/gshock/product.GMW-B5000GD-9/,https://www.ebay.com/sch/i.html?_nkw=GMW+B5000GD+9&_sop=12
DW-5600,GMW-B5000-1,-,,https://www.casio.com/jp/watches/gshock/product.GMW-B5000-1/,https://www.ebay.com/sch/i.html?_nkw=GMW+B5000+1&_sop=12
DW-5600,GMW-B5000D-1,-,,https://www.casio.com/jp/watches/gshock/product.GMW-B5000D-1/,https://www.ebay.com/sch/i.html?_nkw=GMW+B5000D+1&_sop=12
